x-axis,1,2,3,4,MATH1
second,Volt,Volt,Volt,Volt,Volt
+129.0248000E-06,+673.3668483794E-03,+753.7688575685E-03,+4.3316582664847E+00,+1.4371859356761E+00,-765.6250000000E-03
+129.0251125E-06,+658.8944867244E-03,+753.7688575685E-03,+4.3316582664847E+00,+1.4371859356761E+00,-779.6875000009E-03
+129.0254250E-06,+633.1658437848E-03,+753.7688575685E-03,+4.3316582664847E+00,+1.4371859356761E+00,-804.6875000000E-03
+129.0257375E-06,+647.6382054393E-03,+753.7688575685E-03,+4.3379899247086E+00,+1.4516582973306E+00,-804.6875000000E-03
+129.0260500E-06,+673.3668483794E-03,+753.7688575685E-03,+4.3573869094254E+00,+1.4773869402707E+00,-804.6875000000E-03
+129.0263625E-06,+673.3668483794E-03,+753.7688575685E-03,+4.3718592710793E+00,+1.4773869402707E+00,-804.6875000000E-03
+129.0266750E-06,+673.3668483794E-03,+753.7688575685E-03,+4.3718592710793E+00,+1.4773869402707E+00,-804.6875000000E-03
+129.0269875E-06,+658.8944867259E-03,+753.7688575685E-03,+4.3718592710793E+00,+1.4773869402707E+00,-819.4531249995E-03
+129.0273000E-06,+633.1658437848E-03,+753.7688575685E-03,+4.3718592710793E+00,+1.4773869402707E+00,-845.7031250000E-03
+129.0276125E-06,+633.1658437848E-03,+768.2412192215E-03,+4.3718592710793E+00,+1.4629145786176E+00,-830.9375000010E-03
+129.0279250E-06,+633.1658437848E-03,+793.9698621631E-03,+4.3573869094265E+00,+1.4371859356761E+00,-804.6875000000E-03
+129.0282375E-06,+633.1658437848E-03,+793.9698621631E-03,+4.3316582664847E+00,+1.4371859356761E+00,-804.6875000000E-03
+129.0285500E-06,+633.1658437848E-03,+793.9698621631E-03,+4.3379899247076E+00,+1.4371859356761E+00,-804.6875000000E-03
+129.0288625E-06,+633.1658437848E-03,+779.4975005110E-03,+4.3573869094242E+00,+1.4371859356761E+00,-804.6875000000E-03
+129.0291750E-06,+633.1658437848E-03,+768.2412192203E-03,+4.3718592710793E+00,+1.4371859356761E+00,-804.6875000000E-03
+129.0294875E-06,+633.1658437848E-03,+787.6382039405E-03,+4.3718592710793E+00,+1.4371859356761E+00,-804.6875000000E-03
+129.0298000E-06,+633.1658437848E-03,+768.2412192241E-03,+4.3718592710793E+00,+1.4371859356761E+00,-804.6875000000E-03
+129.0301125E-06,+633.1658437848E-03,+753.7688575685E-03,+4.3718592710793E+00,+1.4371859356761E+00,-804.6875000000E-03
+129.0304250E-06,+633.1658437848E-03,+753.7688575685E-03,+4.3718592710793E+00,+1.4371859356761E+00,-804.6875000000E-03
+129.0307375E-06,+633.1658437848E-03,+753.7688575685E-03,+4.3718592710793E+00,+1.4371859356761E+00,-804.6875000000E-03
+129.0310500E-06,+633.1658437848E-03,+753.7688575685E-03,+4.3718592710793E+00,+1.4371859356761E+00,-804.6875000000E-03
+129.0313625E-06,+633.1658437848E-03,+753.7688575685E-03,+4.3718592710793E+00,+1.4371859356761E+00,-804.6875000000E-03
+129.0316750E-06,+633.1658437848E-03,+753.7688575685E-03,+4.3718592710793E+00,+1.4371859356761E+00,-804.6875000000E-03
+129.0319875E-06,+633.1658437848E-03,+753.7688575685E-03,+4.3718592710793E+00,+1.4371859356761E+00,-804.6875000000E-03
+129.0323000E-06,+633.1658437848E-03,+753.7688575685E-03,+4.3718592710793E+00,+1.4371859356761E+00,-804.6875000000E-03
+129.0326125E-06,+633.1658437848E-03,+753.7688575685E-03,+4.3718592710793E+00,+1.4371859356761E+00,-804.6875000000E-03
+129.0329250E-06,+633.1658437848E-03,+753.7688575685E-03,+4.3718592710793E+00,+1.4371859356761E+00,-804.6875000000E-03
+129.0332375E-06,+633.1658437848E-03,+753.7688575685E-03,+4.3718592710793E+00,+1.4371859356761E+00,-804.6875000000E-03
+129.0335500E-06,+633.1658437848E-03,+753.7688575685E-03,+4.3718592710793E+00,+1.4371859356761E+00,-804.6875000000E-03
+129.0338625E-06,+633.1658437848E-03,+753.7688575685E-03,+4.3573869094311E+00,+1.4371859356761E+00,-804.6875000000E-03
+129.0341750E-06,+633.1658437848E-03,+768.2412192165E-03,+4.3316582664847E+00,+1.4371859356761E+00,-804.6875000000E-03
+129.0344875E-06,+633.1658437848E-03,+779.4975005153E-03,+4.3316582664847E+00,+1.4371859356761E+00,-804.6875000000E-03
+129.0348000E-06,+633.1658437848E-03,+753.7688575685E-03,+4.3461306281323E+00,+1.4371859356761E+00,-804.6875000000E-03
+129.0351125E-06,+633.1658437848E-03,+753.7688575685E-03,+4.3718592710793E+00,+1.4371859356761E+00,-804.6875000000E-03
+129.0354250E-06,+633.1658437848E-03,+753.7688575685E-03,+4.3718592710793E+00,+1.4371859356761E+00,-804.6875000000E-03
+129.0357375E-06,+633.1658437848E-03,+753.7688575685E-03,+4.3718592710793E+00,+1.4371859356761E+00,-804.6875000000E-03
+129.0360500E-06,+633.1658437848E-03,+753.7688575685E-03,+4.3718592710793E+00,+1.4371859356761E+00,-804.6875000000E-03
+129.0363625E-06,+633.1658437848E-03,+753.7688575685E-03,+4.3718592710793E+00,+1.4371859356761E+00,-804.6875000000E-03
+129.0366750E-06,+633.1658437848E-03,+753.7688575685E-03,+4.3718592710793E+00,+1.4371859356761E+00,-804.6875000000E-03
+129.0369875E-06,+647.6382054307E-03,+753.7688575685E-03,+4.3718592710793E+00,+1.4227135740302E+00,-775.8593750163E-03
+129.0373000E-06,+673.3668483794E-03,+753.7688575685E-03,+4.3718592710793E+00,+1.3969849310815E+00,-724.6093750000E-03
+129.0376125E-06,+667.0351901595E-03,+753.7688575685E-03,+4.3573869094339E+00,+1.4114572927269E+00,-745.7031249874E-03
+129.0379250E-06,+647.6382054439E-03,+753.7688575685E-03,+4.3316582664847E+00,+1.4371859356761E+00,-790.9374999952E-03
+129.0382375E-06,+633.1658437848E-03,+753.7688575685E-03,+4.3316582664847E+00,+1.4371859356761E+00,-804.6875000000E-03
+129.0385500E-06,+633.1658437848E-03,+753.7688575685E-03,+4.3316582664847E+00,+1.4371859356761E+00,-804.6875000000E-03
+129.0388625E-06,+633.1658437848E-03,+768.2412192129E-03,+4.3316582664847E+00,+1.4371859356761E+00,-804.6875000000E-03
+129.0391750E-06,+633.1658437848E-03,+779.4975005189E-03,+4.3461306281289E+00,+1.4453266391010E+00,-813.1249999943E-03
+129.0394875E-06,+647.6382054288E-03,+753.7688575685E-03,+4.3718592710793E+00,+1.4661306589798E+00,-819.6875000059E-03
+129.0398000E-06,+658.8944867357E-03,+753.7688575685E-03,+4.3718592710793E+00,+1.4773869402707E+00,-819.4531249895E-03
+129.0401125E-06,+633.1658437848E-03,+753.7688575685E-03,+4.3718592710793E+00,+1.4629145786272E+00,-830.9375000108E-03
+129.0404250E-06,+633.1658437848E-03,+753.7688575685E-03,+4.3718592710793E+00,+1.4371859356761E+00,-804.6875000000E-03
+129.0407375E-06,+633.1658437848E-03,+753.7688575685E-03,+4.3573869094363E+00,+1.4371859356761E+00,-804.6875000000E-03
+129.0410500E-06,+633.1658437848E-03,+753.7688575685E-03,+4.3316582664847E+00,+1.4371859356761E+00,-804.6875000000E-03
+129.0413625E-06,+633.1658437848E-03,+753.7688575685E-03,+4.3388944473060E+00,+1.4371859356761E+00,-804.6875000000E-03
+129.0416750E-06,+633.1658437848E-03,+753.7688575685E-03,+4.3589949496032E+00,+1.4371859356761E+00,-804.6875000000E-03
+129.0419875E-06,+633.1658437848E-03,+753.7688575685E-03,+4.3718592710793E+00,+1.4371859356761E+00,-804.6875000000E-03
+129.0423000E-06,+633.1658437848E-03,+753.7688575685E-03,+4.3718592710793E+00,+1.4371859356761E+00,-804.6875000000E-03
+129.0426125E-06,+633.1658437848E-03,+753.7688575685E-03,+4.3718592710793E+00,+1.4371859356761E+00,-804.6875000000E-03
+129.0429250E-06,+633.1658437848E-03,+753.7688575685E-03,+4.3655276128612E+00,+1.4371859356761E+00,-804.6875000000E-03
+129.0432375E-06,+633.1658437848E-03,+753.7688575685E-03,+4.3461306281461E+00,+1.4371859356761E+00,-804.6875000000E-03
+129.0435500E-06,+633.1658437848E-03,+753.7688575685E-03,+4.3316582664847E+00,+1.4371859356761E+00,-804.6875000000E-03
+129.0438625E-06,+633.1658437848E-03,+753.7688575685E-03,+4.3316582664847E+00,+1.4371859356761E+00,-804.6875000000E-03
+129.0441750E-06,+633.1658437848E-03,+753.7688575685E-03,+4.3316582664847E+00,+1.4371859356761E+00,-804.6875000000E-03
+129.0444875E-06,+633.1658437848E-03,+753.7688575685E-03,+4.3316582664847E+00,+1.4371859356761E+00,-804.6875000000E-03
+129.0448000E-06,+633.1658437848E-03,+753.7688575685E-03,+4.3316582664847E+00,+1.4371859356761E+00,-804.6875000000E-03
+129.0451125E-06,+633.1658437848E-03,+753.7688575685E-03,+4.3316582664847E+00,+1.4371859356761E+00,-804.6875000000E-03
+129.0454250E-06,+633.1658437848E-03,+753.7688575685E-03,+4.3316582664847E+00,+1.4371859356761E+00,-804.6875000000E-03
+129.0457375E-06,+633.1658437848E-03,+753.7688575685E-03,+4.3316582664847E+00,+1.4371859356761E+00,-804.6875000000E-03
+129.0460500E-06,+633.1658437848E-03,+753.7688575685E-03,+4.3316582664847E+00,+1.4371859356761E+00,-804.6875000000E-03
+129.0463625E-06,+633.1658437848E-03,+753.7688575685E-03,+4.3316582664847E+00,+1.4371859356761E+00,-804.6875000000E-03
+129.0466750E-06,+633.1658437848E-03,+753.7688575685E-03,+4.3316582664847E+00,+1.4371859356761E+00,-804.6875000000E-03
+129.0469875E-06,+633.1658437848E-03,+753.7688575685E-03,+4.3316582664847E+00,+1.4371859356761E+00,-804.6875000000E-03
+129.0473000E-06,+633.1658437848E-03,+753.7688575685E-03,+4.3316582664847E+00,+1.4371859356761E+00,-804.6875000000E-03
+129.0476125E-06,+638.5929793990E-03,+753.7688575685E-03,+4.3316582664847E+00,+1.4371859356761E+00,-799.0625000063E-03
+129.0479250E-06,+657.2864465312E-03,+753.7688575685E-03,+4.3316582664847E+00,+1.4371859356761E+00,-780.6250000096E-03
+129.0482375E-06,+658.8944867421E-03,+753.7688575685E-03,+4.3316582664847E+00,+1.4371859356761E+00,-779.6874999837E-03
+129.0485500E-06,+633.1658437848E-03,+753.7688575685E-03,+4.3316582664847E+00,+1.4371859356761E+00,-804.6875000000E-03
+129.0488625E-06,+633.1658437848E-03,+753.7688575685E-03,+4.3316582664847E+00,+1.4371859356761E+00,-804.6875000000E-03
+129.0491750E-06,+633.1658437848E-03,+753.7688575685E-03,+4.3316582664847E+00,+1.4371859356761E+00,-804.6875000000E-03
+129.0494875E-06,+633.1658437848E-03,+753.7688575685E-03,+4.3316582664847E+00,+1.4371859356761E+00,-804.6875000000E-03
+129.0498000E-06,+633.1658437848E-03,+753.7688575685E-03,+4.3316582664847E+00,+1.4371859356761E+00,-804.6875000000E-03
+129.0501125E-06,+633.1658437848E-03,+753.7688575685E-03,+4.3316582664847E+00,+1.4371859356761E+00,-804.6875000000E-03
+129.0504250E-06,+633.1658437848E-03,+753.7688575685E-03,+4.3316582664847E+00,+1.4371859356761E+00,-804.6875000000E-03
+129.0507375E-06,+633.1658437848E-03,+753.7688575685E-03,+4.3316582664847E+00,+1.4435175938916E+00,-811.0156249918E-03
+129.0510500E-06,+633.1658437848E-03,+753.7688575685E-03,+4.3316582664847E+00,+1.4629145786060E+00,-830.7031249890E-03
+129.0513625E-06,+633.1658437848E-03,+753.7688575685E-03,+4.3316582664847E+00,+1.4773869402707E+00,-845.7031250000E-03
+129.0516750E-06,+633.1658437848E-03,+768.2412192032E-03,+4.3316582664847E+00,+1.4773869402707E+00,-845.7031250000E-03
+129.0519875E-06,+633.1658437848E-03,+793.9698621631E-03,+4.3461306281192E+00,+1.4629145786363E+00,-830.9375000200E-03
+129.0523000E-06,+633.1658437848E-03,+786.7336813460E-03,+4.3718592710793E+00,+1.4371859356761E+00,-804.6875000000E-03
+129.0526125E-06,+633.1658437848E-03,+766.6331790488E-03,+4.3718592710793E+00,+1.4371859356761E+00,-804.6875000000E-03
+129.0529250E-06,+633.1658437848E-03,+753.7688575685E-03,+4.3655276128646E+00,+1.4371859356761E+00,-804.6875000000E-03
+129.0532375E-06,+633.1658437848E-03,+768.2412192020E-03,+4.3461306281504E+00,+1.4371859356761E+00,-804.6875000000E-03
+129.0535500E-06,+633.1658437848E-03,+793.9698621631E-03,+4.3316582664847E+00,+1.4371859356761E+00,-804.6875000000E-03
+129.0538625E-06,+633.1658437848E-03,+793.9698621631E-03,+4.3316582664847E+00,+1.4371859356761E+00,-804.6875000000E-03
+129.0541750E-06,+633.1658437848E-03,+793.9698621631E-03,+4.3388944473011E+00,+1.4371859356761E+00,-804.6875000000E-03
+129.0544875E-06,+633.1658437848E-03,+779.4975005306E-03,+4.3589949495983E+00,+1.4371859356761E+00,-804.6875000000E-03
+129.0548000E-06,+633.1658437848E-03,+753.7688575685E-03,+4.3718592710793E+00,+1.4371859356761E+00,-804.6875000000E-03
+129.0551125E-06,+618.6934821528E-03,+753.7688575685E-03,+4.3718592710793E+00,+1.4371859356761E+00,-819.4531249775E-03
+129.0554250E-06,+607.4372008220E-03,+753.7688575685E-03,+4.3718592710793E+00,+1.4371859356761E+00,-830.9375000227E-03
+129.0557375E-06,+633.1658437848E-03,+753.7688575685E-03,+4.3718592710793E+00,+1.4371859356761E+00,-804.6875000000E-03
+129.0560500E-06,+633.1658437848E-03,+753.7688575685E-03,+4.3718592710793E+00,+1.4227135740448E+00,-790.6250000221E-03
+129.0563625E-06,+633.1658437848E-03,+753.7688575685E-03,+4.3718592710793E+00,+1.4042211118971E+00,-772.6562499888E-03
+129.0566750E-06,+633.1658437848E-03,+753.7688575685E-03,+4.3718592710793E+00,+1.4243216141942E+00,-792.1874999887E-03
+129.0569875E-06,+633.1658437848E-03,+753.7688575685E-03,+4.3718592710793E+00,+1.4371859356761E+00,-804.6875000000E-03
+129.0573000E-06,+633.1658437848E-03,+753.7688575685E-03,+4.3718592710793E+00,+1.4516582973065E+00,-819.4531249758E-03
+129.0576125E-06,+633.1658437848E-03,+753.7688575685E-03,+4.3718592710793E+00,+1.4773869402707E+00,-845.7031250000E-03
+129.0579250E-06,+633.1658437848E-03,+761.0050383834E-03,+4.3718592710793E+00,+1.4773869402707E+00,-845.7031250000E-03
+129.0582375E-06,+633.1658437848E-03,+781.1055406806E-03,+4.3718592710793E+00,+1.4773869402707E+00,-845.7031250000E-03
+129.0585500E-06,+633.1658437848E-03,+779.4975005337E-03,+4.3718592710793E+00,+1.4629145786413E+00,-830.9375000251E-03
+129.0588625E-06,+625.0251403684E-03,+753.7688575685E-03,+4.3718592710793E+00,+1.4371859356761E+00,-813.1249999855E-03
+129.0591750E-06,+604.2211204877E-03,+753.7688575685E-03,+4.3573869094504E+00,+1.4371859356761E+00,-834.4531249890E-03
+129.0594875E-06,+592.9648391902E-03,+753.7688575685E-03,+4.3316582664847E+00,+1.4371859356761E+00,-845.7031250000E-03
+129.0598000E-06,+607.4372008187E-03,+753.7688575685E-03,+4.3226130404670E+00,+1.4371859356761E+00,-830.9375000261E-03
+129.0601125E-06,+633.1658437848E-03,+753.7688575685E-03,+4.3011055030026E+00,+1.4371859356761E+00,-804.6875000000E-03
+129.0604250E-06,+633.1658437848E-03,+753.7688575685E-03,+4.2914572618902E+00,+1.4371859356761E+00,-804.6875000000E-03
+129.0607375E-06,+633.1658437848E-03,+753.7688575685E-03,+4.3059296235179E+00,+1.4371859356761E+00,-804.6875000000E-03
+129.0610500E-06,+633.1658437848E-03,+753.7688575685E-03,+4.3316582664847E+00,+1.4371859356761E+00,-804.6875000000E-03
+129.0613625E-06,+633.1658437848E-03,+768.2412191957E-03,+4.3388944472984E+00,+1.4227135740489E+00,-790.6250000260E-03
+129.0616750E-06,+633.1658437848E-03,+793.9698621631E-03,+4.3589949495955E+00,+1.4114572927085E+00,-779.6874999737E-03
+129.0619875E-06,+633.1658437848E-03,+793.9698621631E-03,+4.3573869094525E+00,+1.4227135740493E+00,-790.6250000265E-03
+129.0623000E-06,+633.1658437848E-03,+786.7336813498E-03,+4.3461306281113E+00,+1.3969849310815E+00,-765.6250000000E-03
+129.0626125E-06,+633.1658437848E-03,+766.6331790526E-03,+4.3573869094530E+00,+1.3969849310815E+00,-765.6250000000E-03
+129.0629250E-06,+633.1658437848E-03,+753.7688575685E-03,+4.3316582664847E+00,+1.3969849310815E+00,-765.6250000000E-03
+129.0632375E-06,+633.1658437848E-03,+753.7688575685E-03,+4.3316582664847E+00,+1.3969849310815E+00,-765.6250000000E-03
+129.0635500E-06,+633.1658437848E-03,+753.7688575685E-03,+4.3316582664847E+00,+1.4042211118943E+00,-772.6562499862E-03
+129.0638625E-06,+647.6382054101E-03,+753.7688575685E-03,+4.3316582664847E+00,+1.4243216141915E+00,-778.1250000139E-03
+129.0641750E-06,+687.8392100045E-03,+753.7688575685E-03,+4.3235175630706E+00,+1.4371859356761E+00,-750.8593750295E-03
+129.0644875E-06,+747.9397118330E-03,+753.7688575685E-03,+4.3027135431894E+00,+1.4371859356761E+00,-690.1562500695E-03
+129.0648000E-06,+832.5628265260E-03,+753.7688575685E-03,+4.2480401770163E+00,+1.4371859356761E+00,-605.7031250472E-03
+129.0651125E-06,+946.7336794741E-03,+753.7688575685E-03,+4.0984924399846E+00,+1.4426130712852E+00,-496.9531251383E-03
+129.0654250E-06,+1.1766834256940E+00,+753.7688575685E-03,+3.8685426937647E+00,+1.4613065384142E+00,-284.8437501903E-03
+129.0657375E-06,+1.4725628194782E+00,+753.7688575685E-03,+3.6368844046866E+00,+1.4773869402707E+00,-5.7812502401E-03
+129.0660500E-06,+1.7299497515278E+00,+768.2412191922E-03,+3.4810050093986E+00,+1.5063316635180E+00,+222.4218749513E-03
+129.0663625E-06,+1.8713567851922E+00,+802.1105655762E-03,+3.2365829016044E+00,+1.5650251302715E+00,+305.8593749108E-03
+129.0666750E-06,+2.0611055267678E+00,+822.9145854577E-03,+2.8747738602554E+00,+1.5851256325687E+00,+475.0781247991E-03
+129.0669875E-06,+2.2990954740592E+00,+863.1155900035E-03,+2.5853266270212E+00,+1.6269346773003E+00,+671.4062499381E-03
+129.0673000E-06,+2.4598994924365E+00,+943.5175991922E-03,+2.4389949702666E+00,+1.7218090481116E+00,+737.4218749680E-03
+129.0676125E-06,+2.5745728581422E+00,+1.0383919700033E+00,+2.2460301483713E+00,+1.8424120618946E+00,+732.0312500690E-03
+129.0679250E-06,+2.6126633099834E+00,+1.1372864413529E+00,+1.9244221116167E+00,+1.9394974880414E+00,+672.9687500062E-03
+129.0682375E-06,+2.6866331583790E+00,+1.1975879482444E+00,+1.5883417132401E+00,+1.9983919597641E+00,+687.6562499564E-03
+129.0685500E-06,+2.8072361721620E+00,+1.2795979975685E+00,+1.2952763895945E+00,+2.0836180894598E+00,+722.6562500000E-03
+129.0688625E-06,+2.8997989853033E+00,+1.4146733729730E+00,+1.1171859392579E+00,+2.1897487416213E+00,+709.2968750300E-03
+129.0691750E-06,+2.9407035074821E+00,+1.5610050297291E+00,+879.1959921657E-03,+2.2665326604046E+00,+673.5937500271E-03
+129.0694875E-06,+2.9792964718906E+00,+1.6617085462831E+00,+557.5879554111E-03,+2.3296482376342E+00,+648.8281250080E-03
+129.0698000E-06,+3.0050251148641E+00,+1.7378894499645E+00,+299.2965007475E-03,+2.4052261262135E+00,+598.9843751001E-03
+129.0701125E-06,+2.9905527532436E+00,+1.8424120618889E+00,+171.6583111187E-03,+2.5258291399965E+00,+463.8281251334E-03
+129.0704250E-06,+2.9648241102696E+00,+1.9630150756718E+00,+23.7186143335E-03,+2.6464321537794E+00,+317.7343751016E-03
+129.0707375E-06,+2.9648241102696E+00,+2.0628140696259E+00,-203.0150516123E-03,+2.7371859217210E+00,+226.8750000313E-03
+129.0710500E-06,+2.9648241102696E+00,+2.1238190941021E+00,-389.5477129641E-03,+2.7766834087307E+00,+187.6562500366E-03
+129.0713625E-06,+2.9648241102696E+00,+2.1608040183783E+00,-515.0753498936E-03,+2.8184924535109E+00,+145.3906250351E-03
+129.0716750E-06,+2.9648241102696E+00,+2.1752763799976E+00,-576.0803743698E-03,+2.8586934581052E+00,+105.0781250337E-03
+129.0719875E-06,+2.9648241102696E+00,+2.2154773845920E+00,-642.0100218849E-03,+2.8844221010804E+00,+80.0781250000E-03
+129.0723000E-06,+2.9648241102696E+00,+2.2475376857757E+00,-707.9396694547E-03,+2.8844221010804E+00,+80.0781250000E-03
+129.0726125E-06,+2.9648241102696E+00,+2.2669346704880E+00,-733.6683124304E-03,+2.8844221010804E+00,+80.0781250000E-03
+129.0729250E-06,+2.9648241102696E+00,+2.2814070321620E+00,-728.2411768235E-03,+2.8699497394620E+00,+94.1406249654E-03
+129.0732375E-06,+2.9648241102696E+00,+2.2814070321620E+00,-709.5477096961E-03,+2.8442210964859E+00,+119.1406250000E-03
+129.0735500E-06,+2.9648241102696E+00,+2.2723618061507E+00,-664.5225845999E-03,+2.8442210964859E+00,+119.1406250000E-03
+129.0738625E-06,+2.9503517486519E+00,+2.2508542686837E+00,-569.6482137936E-03,+2.8442210964859E+00,+105.0781250353E-03
+129.0741750E-06,+2.9246231056750E+00,+2.2267336659499E+00,-477.0854006444E-03,+2.8442210964859E+00,+80.0781250000E-03
+129.0744875E-06,+2.9246231056750E+00,+2.1865326613556E+00,-436.1808784651E-03,+2.8442210964859E+00,+80.0781250000E-03
+129.0748000E-06,+2.9246231056750E+00,+2.1608040183783E+00,-368.6431908229E-03,+2.8442210964859E+00,+80.0781250000E-03
+129.0751125E-06,+2.9390954672917E+00,+2.1535678375699E+00,-248.0401770400E-03,+2.8442210964859E+00,+94.1406249638E-03
+129.0754250E-06,+2.9792964718861E+00,+2.1334673352727E+00,-141.9095248735E-03,+2.8442210964859E+00,+133.9062499617E-03
+129.0757375E-06,+3.0339698380966E+00,+2.1206030137837E+00,-77.7889225031E-03,+2.8442210964859E+00,+188.9843749247E-03
+129.0760500E-06,+3.0998994856693E+00,+2.1206030137837E+00,-38.9949530791E-03,+2.8442210964859E+00,+254.9999999612E-03
+129.0763625E-06,+3.1401004902636E+00,+2.1287437171926E+00,-10.0502297282E-03,+2.8595979807026E+00,+279.8437500037E-03
+129.0766750E-06,+3.1947738564735E+00,+2.1495477370749E+00,+4.4221318873E-03,+2.9005025028822E+00,+292.8124999589E-03
+129.0769875E-06,+3.2896482272774E+00,+2.1897487416089E+00,+30.1507748663E-03,+2.9390954672903E+00,+349.1406249228E-03
+129.0773000E-06,+3.4102512410604E+00,+2.2701507507975E+00,+30.1507748663E-03,+2.9937688334997E+00,+415.1562499602E-03
+129.0776125E-06,+3.4991959638109E+00,+2.3360803983714E+00,+30.1507748663E-03,+3.0596984810735E+00,+438.5937500076E-03
+129.0779250E-06,+3.5372864156493E+00,+2.3762814029657E+00,+30.1507748663E-03,+3.0917587822596E+00,+444.1406249712E-03
+129.0782375E-06,+3.5967839024167E+00,+2.4164824075600E+00,+30.1507748663E-03,+3.1111557669714E+00,+483.9843749422E-03
+129.0785500E-06,+3.6627135499913E+00,+2.4566834121543E+00,+30.1507748663E-03,+3.1401004902619E+00,+521.4843750000E-03
+129.0788625E-06,+3.6884421929717E+00,+2.4968844167487E+00,+30.1507748663E-03,+3.1803014948562E+00,+506.7187500410E-03
+129.0791750E-06,+3.6884421929717E+00,+2.5370854213430E+00,+30.1507748663E-03,+3.2141708412446E+00,+472.7343750216E-03
+129.0794875E-06,+3.6884421929717E+00,+2.5682411999289E+00,+30.1507748663E-03,+3.2349748611272E+00,+452.6562500178E-03
+129.0798000E-06,+3.6739698313586E+00,+2.5869346670551E+00,+38.2914782737E-03,+3.2462311424315E+00,+426.6406250417E-03
+129.0801125E-06,+3.6192964651513E+00,+2.6174874305314E+00,+59.0954981564E-03,+3.2462311424315E+00,+371.5625000819E-03
+129.0804250E-06,+3.5542713401761E+00,+2.6432160735130E+00,+84.8241410736E-03,+3.2462311424315E+00,+306.9531250382E-03
+129.0807375E-06,+3.5147738531674E+00,+2.6432160735130E+00,+139.4975072804E-03,+3.2462311424315E+00,+267.7343750445E-03
+129.0810500E-06,+3.4729648083867E+00,+2.6432160735130E+00,+205.4271548568E-03,+3.2462311424315E+00,+225.4687500427E-03
+129.0813625E-06,+3.4327638037924E+00,+2.6432160735130E+00,+231.1557978392E-03,+3.2607035040435E+00,+170.3906250838E-03
+129.0816750E-06,+3.4070351608098E+00,+2.6432160735130E+00,+231.1557978392E-03,+3.2864321470261E+00,+119.1406250000E-03
+129.0819875E-06,+3.4070351608098E+00,+2.6432160735130E+00,+245.6281594507E-03,+3.3009045086376E+00,+105.0781250414E-03
+129.0823000E-06,+3.3925627991985E+00,+2.6432160735130E+00,+271.3568024337E-03,+3.3266331516206E+00,+65.3125000437E-03
+129.0826125E-06,+3.3813065178262E+00,+2.6432160735130E+00,+271.3568024337E-03,+3.3266331516206E+00,+53.8281249561E-03
+129.0829250E-06,+3.4215075224205E+00,+2.6432160735130E+00,+271.3568024337E-03,+3.3411055132314E+00,+80.0781250000E-03
+129.0832375E-06,+3.4535678236089E+00,+2.6576884351236E+00,+271.3568024337E-03,+3.3668341562152E+00,+86.4062499810E-03
+129.0835500E-06,+3.4729648083202E+00,+2.6834170781076E+00,+285.8291640440E-03,+3.3740703370203E+00,+98.3593749979E-03
+129.0838625E-06,+3.5019095316089E+00,+2.6834170781076E+00,+311.5578070283E-03,+3.3941708393175E+00,+106.6406249786E-03
+129.0841750E-06,+3.5421105362033E+00,+2.6978894397174E+00,+311.5578070283E-03,+3.4070351608098E+00,+133.9062499549E-03
+129.0844875E-06,+3.5678391791880E+00,+2.7236180827022E+00,+311.5578070283E-03,+3.4215075224193E+00,+145.3906250454E-03
+129.0848000E-06,+3.5678391791880E+00,+2.7236180827022E+00,+311.5578070283E-03,+3.4472361654043E+00,+119.1406250000E-03
+129.0851125E-06,+3.5823115407971E+00,+2.7299497409061E+00,+297.0854454192E-03,+3.4526633010077E+00,+128.2812499716E-03
+129.0854250E-06,+3.6080401837826E+00,+2.7493467256173E+00,+256.8844408249E-03,+3.4713567681328E+00,+135.3906250285E-03
+129.0857375E-06,+3.6225125453912E+00,+2.7638190872967E+00,+223.9196170349E-03,+3.4874371699989E+00,+133.9062499537E-03
+129.0860500E-06,+3.6554773691813E+00,+2.7782914489051E+00,+203.8191147377E-03,+3.4874371699989E+00,+167.1874999778E-03
+129.0863625E-06,+3.6755778714785E+00,+2.8040200918913E+00,+190.9547932446E-03,+3.4874371699989E+00,+186.7187499777E-03
+129.0866750E-06,+3.6884421929717E+00,+2.8040200918913E+00,+190.9547932446E-03,+3.4874371699989E+00,+199.2187500000E-03
+129.0869875E-06,+3.6884421929717E+00,+2.8184924534990E+00,+190.9547932446E-03,+3.4729648083912E+00,+213.9843749527E-03
+129.0873000E-06,+3.6884421929717E+00,+2.8442210964859E+00,+190.9547932446E-03,+3.4617085270118E+00,+225.4687500476E-03
+129.0876125E-06,+3.6938693285744E+00,+2.8442210964859E+00,+176.4824316374E-03,+3.4874371699989E+00,+204.8437499818E-03
+129.0879250E-06,+3.7125627956990E+00,+2.8442210964859E+00,+136.2814270431E-03,+3.4802009891954E+00,+231.0156249474E-03
+129.0882375E-06,+3.7286431975663E+00,+2.8442210964859E+00,+110.5527840555E-03,+3.4601004868983E+00,+267.4999999747E-03
+129.0885500E-06,+3.7286431975663E+00,+2.8442210964859E+00,+103.3166032522E-03,+3.4472361654043E+00,+281.2500000000E-03
+129.0888625E-06,+3.7205024941628E+00,+2.8442210964859E+00,+83.2161009551E-03,+3.4472361654043E+00,+272.8125000279E-03
+129.0891750E-06,+3.6996984742792E+00,+2.8586934580919E+00,+70.3517794609E-03,+3.4472361654043E+00,+251.4843750210E-03
+129.0894875E-06,+3.6884421929717E+00,+2.8844221010804E+00,+55.8794178551E-03,+3.4472361654043E+00,+240.2343750000E-03
+129.0898000E-06,+3.6884421929717E+00,+2.8844221010804E+00,+30.1507748663E-03,+3.4472361654043E+00,+240.2343750000E-03
+129.0901125E-06,+3.6884421929717E+00,+2.8699497394751E+00,+30.1507748663E-03,+3.4472361654043E+00,+240.2343750000E-03
+129.0904250E-06,+3.6947738511739E+00,+2.8442210964859E+00,+15.6784132613E-03,+3.4617085270094E+00,+231.7968750286E-03
+129.0907375E-06,+3.7141708358845E+00,+2.8360803930832E+00,-10.0502297282E-03,+3.5010050090034E+00,+211.8750000167E-03
+129.0910500E-06,+3.7286431975663E+00,+2.8152763731994E+00,-10.0502297282E-03,+3.5405024960111E+00,+187.6562500529E-03
+129.0913625E-06,+3.7431155591706E+00,+2.8184924534956E+00,-10.0502297282E-03,+3.5823115407923E+00,+160.1562500000E-03
+129.0916750E-06,+3.7769849055631E+00,+2.8586934580899E+00,-10.0502297282E-03,+3.6369849069908E+00,+139.0625000728E-03
+129.0919875E-06,+3.7977889254470E+00,+2.8988944626843E+00,-10.0502297282E-03,+3.6884421929717E+00,+107.8906249781E-03
+129.0923000E-06,+3.8379899299626E+00,+2.9372864220781E+00,-10.0502297282E-03,+3.6938693285731E+00,+143.0468749167E-03
+129.0926125E-06,+3.9039195775479E+00,+2.9760803914990E+00,+4.4221318751E-03,+3.7125627956968E+00,+190.4687499828E-03
+129.0929250E-06,+3.9296482205391E+00,+3.0339698380704E+00,+30.1507748663E-03,+3.7286431975663E+00,+199.2187500000E-03
+129.0932375E-06,+3.9296482205391E+00,+3.1143718472590E+00,+30.1507748663E-03,+3.7431155591692E+00,+185.1562500497E-03
+129.0935500E-06,+3.9296482205391E+00,+3.1739698366439E+00,+30.1507748663E-03,+3.7688442021608E+00,+160.1562500000E-03
+129.0938625E-06,+3.9296482205391E+00,+3.1947738565279E+00,+30.1507748663E-03,+3.7688442021608E+00,+160.1562500000E-03
+129.0941750E-06,+3.9151758589369E+00,+3.1915577762348E+00,+30.1507748663E-03,+3.7833165637630E+00,+131.3281251033E-03
+129.0944875E-06,+3.8713567639421E+00,+3.1658291332424E+00,+30.1507748663E-03,+3.8090452067554E+00,+61.7968750658E-03
+129.0948000E-06,+3.8283416890001E+00,+3.1513567716407E+00,+30.1507748663E-03,+3.8235175683571E+00,+3.9843750915E-03
+129.0951125E-06,+3.7801004835525E+00,+3.1256281286478E+00,+44.6231364678E-03,+3.8492462113500E+00,-69.8437498953E-03
+129.0954250E-06,+3.6996984743638E+00,+3.1256281286478E+00,+70.3517794609E-03,+3.8492462113500E+00,-149.9218748948E-03
+129.0957375E-06,+3.6337688267762E+00,+3.1401004902488E+00,+76.6834376613E-03,+3.8492462113500E+00,-215.9374999459E-03
+129.0960500E-06,+3.5998994803822E+00,+3.1803014948431E+00,+96.0804223714E-03,+3.8492462113500E+00,-250.6249999689E-03
+129.0963625E-06,+3.5790954604979E+00,+3.2141708412372E+00,+110.5527840555E-03,+3.8564823921502E+00,-278.9843749506E-03
+129.0966750E-06,+3.5678391791880E+00,+3.2349748611215E+00,+110.5527840555E-03,+3.8765828944474E+00,-309.7656249739E-03
+129.0969875E-06,+3.5678391791880E+00,+3.2462311424315E+00,+110.5527840555E-03,+3.8749748543445E+00,-308.2031250525E-03
+129.0973000E-06,+3.5678391791880E+00,+3.2462311424315E+00,+110.5527840555E-03,+3.8492462113500E+00,-283.2031250000E-03
+129.0976125E-06,+3.5732663147879E+00,+3.2317587808320E+00,+110.5527840555E-03,+3.8492462113500E+00,-277.5781250212E-03
+129.0979250E-06,+3.5919597819105E+00,+3.1978894344373E+00,+110.5527840555E-03,+3.8492462113500E+00,-258.4375000346E-03
+129.0982375E-06,+3.6080401837826E+00,+3.1770854145529E+00,+110.5527840555E-03,+3.8492462113500E+00,-242.1875000000E-03
+129.0985500E-06,+3.6080401837826E+00,+3.1513567716435E+00,+116.8844422550E-03,+3.8492462113500E+00,-242.1875000000E-03
+129.0988625E-06,+3.6152763645819E+00,+3.1111557670492E+00,+136.2814269648E-03,+3.8492462113500E+00,-235.1562500269E-03
+129.0991750E-06,+3.6353768668790E+00,+3.0709547624549E+00,+165.2261502484E-03,+3.8492462113500E+00,-214.9218750298E-03
+129.0994875E-06,+3.6482411883771E+00,+3.0506532550580E+00,+176.4824316465E-03,+3.8492462113500E+00,-201.1718750000E-03
+129.0998000E-06,+3.6482411883771E+00,+3.0693467221803E+00,+150.7537886500E-03,+3.8492462113500E+00,-201.1718750000E-03
+129.1001125E-06,+3.6482411883771E+00,+3.0854271240532E+00,+150.7537886500E-03,+3.8492462113500E+00,-201.1718750000E-03
+129.1004250E-06,+3.6482411883771E+00,+3.0998994856506E+00,+136.2814270526E-03,+3.8492462113500E+00,-201.1718750000E-03
+129.1007375E-06,+3.6482411883771E+00,+3.1256281286478E+00,+110.5527840555E-03,+3.8420100305514E+00,-194.1406250276E-03
+129.1010500E-06,+3.6627135499741E+00,+3.1256281286478E+00,+96.0804224585E-03,+3.8219095282542E+00,-159.8437500860E-03
+129.1013625E-06,+3.6884421929717E+00,+3.1256281286478E+00,+70.3517794609E-03,+3.7945728451587E+00,-107.0312500557E-03
+129.1016750E-06,+3.6884421929717E+00,+3.1111557670514E+00,+70.3517794609E-03,+3.7688442021608E+00,-82.0312500000E-03
+129.1019875E-06,+3.6884421929717E+00,+3.0854271240532E+00,+70.3517794609E-03,+3.7688442021608E+00,-82.0312500000E-03
+129.1023000E-06,+3.7029145545677E+00,+3.0917587822515E+00,+84.8241410569E-03,+3.7742713377593E+00,-72.8906250367E-03
+129.1026125E-06,+3.7431155591620E+00,+3.1111557669610E+00,+96.0804224597E-03,+3.7929648048811E+00,-51.0156250227E-03
+129.1029250E-06,+3.8122612869473E+00,+3.1401004902433E+00,+70.3517794609E-03,+3.8235175683509E+00,-12.1875001166E-03
+129.1032375E-06,+3.9030150549401E+00,+3.1947738564329E+00,+70.3517794609E-03,+3.8637185729452E+00,+38.3593750029E-03
+129.1035500E-06,+3.9425125419466E+00,+3.2625125492259E+00,+55.8794178659E-03,+3.8966833967420E+00,+44.8437499685E-03
+129.1038625E-06,+3.9987939483232E+00,+3.3041205889958E+00,+30.1507748663E-03,+3.9167838990392E+00,+80.3906249107E-03
+129.1041750E-06,+4.0791959575119E+00,+3.3411055132152E+00,+30.1507748663E-03,+3.9296482205391E+00,+147.9687498815E-03
+129.1044875E-06,+4.1478391729051E+00,+3.3813065178095E+00,+30.1507748663E-03,+3.9441205821334E+00,+202.0312499884E-03
+129.1048000E-06,+4.1901507302631E+00,+3.4070351608098E+00,+30.1507748663E-03,+3.9698492251337E+00,+218.9843749505E-03
+129.1051125E-06,+4.2255276142949E+00,+3.3997989800128E+00,+44.6231364602E-03,+3.9752763607313E+00,+249.3749999620E-03
+129.1054250E-06,+4.2512562572956E+00,+3.3796984777157E+00,+84.8241410545E-03,+3.9939698278526E+00,+256.4843750382E-03
+129.1057375E-06,+4.2657286188890E+00,+3.3523617946219E+00,+116.8844422526E-03,+4.0100502297282E+00,+254.9999999381E-03
+129.1060500E-06,+4.2914572618902E+00,+3.3266331516206E+00,+136.2814269617E-03,+4.0245225913213E+00,+266.4843750622E-03
+129.1063625E-06,+4.2914572618902E+00,+3.3266331516206E+00,+165.2261502429E-03,+4.0574874151192E+00,+233.2031250297E-03
+129.1066750E-06,+4.2914572618902E+00,+3.3266331516206E+00,+176.4824316520E-03,+4.0775879174164E+00,+212.9687500328E-03
+129.1069875E-06,+4.3059296234826E+00,+3.3411055132130E+00,+141.7085626548E-03,+4.1049246005097E+00,+199.2187500000E-03
+129.1073000E-06,+4.3316582664847E+00,+3.3813065178073E+00,+120.2010251814E-03,+4.1306532435119E+00,+199.2187500000E-03
+129.1076125E-06,+4.3370854020817E+00,+3.4359798839936E+00,+96.0804224636E-03,+4.1161808819200E+00,+219.6093749125E-03
+129.1079250E-06,+4.3557788692025E+00,+3.4874371699989E+00,+70.3517794609E-03,+4.0904522389174E+00,+264.9999999606E-03
+129.1082375E-06,+4.3718592710793E+00,+3.4874371699989E+00,+70.3517794609E-03,+4.0904522389174E+00,+281.2500000000E-03
+129.1085500E-06,+4.3718592710793E+00,+3.5019095315901E+00,+76.6834376571E-03,+4.0904522389174E+00,+281.2500000000E-03
+129.1088625E-06,+4.3718592710793E+00,+3.5131658130025E+00,+96.0804223659E-03,+4.0904522389174E+00,+281.2500000000E-03
+129.1091750E-06,+4.3718592710793E+00,+3.4729648084082E+00,+110.5527840555E-03,+4.0904522389174E+00,+281.2500000000E-03
+129.1094875E-06,+4.3863316326698E+00,+3.4472361654043E+00,+110.5527840555E-03,+4.0904522389174E+00,+295.3124999382E-03
+129.1098000E-06,+4.3975879140836E+00,+3.4472361654043E+00,+110.5527840555E-03,+4.0904522389174E+00,+306.2500000620E-03
+129.1101125E-06,+4.3718592710793E+00,+3.4327638038143E+00,+110.5527840555E-03,+4.0904522389174E+00,+281.2500000000E-03
+129.1104250E-06,+4.3718592710793E+00,+3.4070351608098E+00,+110.5527840555E-03,+4.0904522389174E+00,+281.2500000000E-03
+129.1107375E-06,+4.3718592710793E+00,+3.4142713416045E+00,+110.5527840555E-03,+4.0832160581226E+00,+288.2812499687E-03
+129.1110500E-06,+4.3718592710793E+00,+3.4343718439017E+00,+96.0804224662E-03,+4.0631155558254E+00,+307.8124999685E-03
+129.1113625E-06,+4.3718592710793E+00,+3.4472361654043E+00,+70.3517794609E-03,+4.0357788727337E+00,+335.0781249337E-03
+129.1116750E-06,+4.3718592710793E+00,+3.4472361654043E+00,+70.3517794609E-03,+4.0100502297282E+00,+361.3281250000E-03
+129.1119875E-06,+4.3718592710793E+00,+3.4472361654043E+00,+84.8241410495E-03,+4.0100502297282E+00,+361.3281250000E-03
+129.1123000E-06,+4.3573869094910E+00,+3.4399999846102E+00,+125.0251456438E-03,+4.0100502297282E+00,+346.5625000670E-03
+129.1126125E-06,+4.3316582664847E+00,+3.4198994823130E+00,+165.2261502381E-03,+4.0100502297282E+00,+320.3125000000E-03
+129.1129250E-06,+4.3316582664847E+00,+3.4070351608098E+00,+190.9547932446E-03,+4.0100502297282E+00,+320.3125000000E-03
+129.1132375E-06,+4.3316582664847E+00,+3.3925627992221E+00,+190.9547932446E-03,+4.0245225913158E+00,+306.2500000645E-03
+129.1135500E-06,+4.3316582664847E+00,+3.3577889302231E+00,+176.4824316572E-03,+4.0502512343228E+00,+281.2500000000E-03
+129.1138625E-06,+4.3316582664847E+00,+3.3362813927484E+00,+150.7537886500E-03,+4.0502512343228E+00,+281.2500000000E-03
+129.1141750E-06,+4.3316582664847E+00,+3.3266331516206E+00,+142.6130852574E-03,+4.0647235959097E+00,+266.4843750685E-03
+129.1144875E-06,+4.3316582664847E+00,+3.3266331516206E+00,+121.8090653714E-03,+4.0904522389174E+00,+240.2343750000E-03
+129.1148000E-06,+4.3316582664847E+00,+3.3411055132071E+00,+110.5527840555E-03,+4.0904522389174E+00,+240.2343750000E-03
+129.1151125E-06,+4.3316582664847E+00,+3.3668341562152E+00,+110.5527840555E-03,+4.0841205807234E+00,+246.5624999703E-03
+129.1154250E-06,+4.3461306280707E+00,+3.3668341562152E+00,+110.5527840555E-03,+4.0647235960151E+00,+280.3124998941E-03
+129.1157375E-06,+4.3718592710793E+00,+3.3957788793866E+00,+110.5527840555E-03,+4.0502512343228E+00,+320.3125000000E-03
+129.1160500E-06,+4.3718592710793E+00,+3.4472361654043E+00,+110.5527840555E-03,+4.0502512343228E+00,+320.3125000000E-03
+129.1163625E-06,+4.3718592710793E+00,+3.4472361654043E+00,+125.0251456407E-03,+4.0502512343228E+00,+320.3125000000E-03
+129.1166750E-06,+4.3718592710793E+00,+3.4472361654043E+00,+150.7537886500E-03,+4.0502512343228E+00,+320.3125000000E-03
+129.1169875E-06,+4.3573869094946E+00,+3.4472361654043E+00,+141.7085626596E-03,+4.0502512343228E+00,+306.2500000673E-03
+129.1173000E-06,+4.3316582664847E+00,+3.4472361654043E+00,+120.2010251842E-03,+4.0647235959073E+00,+266.4843750709E-03
+129.1176125E-06,+4.3316582664847E+00,+3.4472361654043E+00,+110.5527840555E-03,+4.0904522389174E+00,+240.2343750000E-03
+129.1179250E-06,+4.3316582664847E+00,+3.4544723461963E+00,+96.0804224714E-03,+4.0904522389174E+00,+240.2343750000E-03
+129.1182375E-06,+4.3316582664847E+00,+3.4745728484935E+00,+70.3517794609E-03,+4.0904522389174E+00,+240.2343750000E-03
+129.1185500E-06,+4.3316582664847E+00,+3.4874371699989E+00,+70.3517794609E-03,+4.0904522389174E+00,+240.2343750000E-03
+129.1188625E-06,+4.3316582664847E+00,+3.4874371699989E+00,+70.3517794609E-03,+4.0904522389174E+00,+240.2343750000E-03
+129.1191750E-06,+4.3316582664847E+00,+3.4874371699989E+00,+70.3517794609E-03,+4.0985929423078E+00,+231.7968750414E-03
+129.1194875E-06,+4.3461306280676E+00,+3.4874371699989E+00,+55.8794178781E-03,+4.1193969621943E+00,+225.2343749585E-03
+129.1198000E-06,+4.3718592710793E+00,+3.4874371699989E+00,+30.1507748663E-03,+4.1161808819293E+00,+254.9999999271E-03
+129.1201125E-06,+4.3718592710793E+00,+3.4874371699989E+00,+30.1507748663E-03,+4.0904522389174E+00,+281.2500000000E-03
+129.1204250E-06,+4.3718592710793E+00,+3.4874371699989E+00,+15.6784132842E-03,+4.0904522389174E+00,+281.2500000000E-03
+129.1207375E-06,+4.3718592710793E+00,+3.4792964666091E+00,-10.0502297282E-03,+4.0967838971094E+00,+274.9218750316E-03
+129.1210500E-06,+4.3718592710793E+00,+3.4584924467225E+00,-10.0502297282E-03,+4.1161808818172E+00,+255.2343750422E-03
+129.1213625E-06,+4.3718592710793E+00,+3.4472361654043E+00,-10.0502297282E-03,+4.1306532435119E+00,+240.2343750000E-03
+129.1216750E-06,+4.3718592710793E+00,+3.4472361654043E+00,-10.0502297282E-03,+4.1306532435119E+00,+240.2343750000E-03
+129.1219875E-06,+4.3718592710793E+00,+3.4617085269853E+00,-10.0502297282E-03,+4.1306532435119E+00,+240.2343750000E-03
+129.1223000E-06,+4.3573869094986E+00,+3.4874371699989E+00,-10.0502297282E-03,+4.1306532435119E+00,+225.4687500748E-03
+129.1226125E-06,+4.3316582664847E+00,+3.4874371699989E+00,+4.4221318522E-03,+4.1306532435119E+00,+199.2187500000E-03
+129.1229250E-06,+4.3316582664847E+00,+3.4874371699989E+00,+30.1507748663E-03,+4.1306532435119E+00,+199.2187500000E-03
+129.1232375E-06,+4.3316582664847E+00,+3.4874371699989E+00,+30.1507748663E-03,+4.1306532435119E+00,+199.2187500000E-03
+129.1235500E-06,+4.3316582664847E+00,+3.4874371699989E+00,+15.6784132866E-03,+4.1306532435119E+00,+199.2187500000E-03
+129.1238625E-06,+4.3316582664847E+00,+3.4874371699989E+00,-10.0502297282E-03,+4.1306532435119E+00,+199.2187500000E-03
+129.1241750E-06,+4.3461306280640E+00,+3.4874371699989E+00,-10.0502297282E-03,+4.1161808819327E+00,+228.7499998474E-03
+129.1244875E-06,+4.3718592710793E+00,+3.4874371699989E+00,-10.0502297282E-03,+4.0904522389174E+00,+281.2500000000E-03
+129.1248000E-06,+4.3718592710793E+00,+3.4874371699989E+00,+4.4221318506E-03,+4.0759798773386E+00,+295.3124999269E-03
+129.1251125E-06,+4.3573869095008E+00,+3.4802009892096E+00,+30.1507748663E-03,+4.0502512343228E+00,+306.2500000734E-03
+129.1254250E-06,+4.3316582664847E+00,+3.4601004869125E+00,+30.1507748663E-03,+4.0502512343228E+00,+281.2500000000E-03
+129.1257375E-06,+4.3461306280628E+00,+3.4472361654043E+00,+30.1507748663E-03,+4.0647235959009E+00,+281.2500000000E-03
+129.1260500E-06,+4.3718592710793E+00,+3.4472361654043E+00,+30.1507748663E-03,+4.0904522389174E+00,+281.2500000000E-03
+129.1263625E-06,+4.3718592710793E+00,+3.4472361654043E+00,+44.6231364439E-03,+4.0823115355300E+00,+288.9843749591E-03
+129.1266750E-06,+4.3718592710793E+00,+3.4472361654043E+00,+70.3517794609E-03,+4.0615075156428E+00,+309.0624999665E-03
+129.1269875E-06,+4.3718592710793E+00,+3.4327638038272E+00,+70.3517794609E-03,+4.0647235958999E+00,+306.2500000748E-03
+129.1273000E-06,+4.3718592710793E+00,+3.4070351608098E+00,+70.3517794609E-03,+4.0904522389174E+00,+281.2500000000E-03
+129.1276125E-06,+4.3718592710793E+00,+3.4070351608098E+00,+70.3517794609E-03,+4.1049246004940E+00,+266.4843750790E-03
+129.1279250E-06,+4.3718592710793E+00,+3.4142713415980E+00,+84.8241410373E-03,+4.1234170627237E+00,+247.2656249623E-03
+129.1282375E-06,+4.3718592710793E+00,+3.4343718438951E+00,+125.0251456316E-03,+4.1033165604266E+00,+267.4999999584E-03
+129.1285500E-06,+4.3718592710793E+00,+3.4472361654043E+00,+150.7537886500E-03,+4.0904522389174E+00,+281.2500000000E-03
+129.1288625E-06,+4.3718592710793E+00,+3.4617085269800E+00,+150.7537886500E-03,+4.0904522389174E+00,+281.2500000000E-03
+129.1291750E-06,+4.3718592710793E+00,+3.4729648084235E+00,+150.7537886500E-03,+4.0904522389174E+00,+281.2500000000E-03
+129.1294875E-06,+4.3718592710793E+00,+3.4472361654043E+00,+150.7537886500E-03,+4.0904522389174E+00,+281.2500000000E-03
+129.1298000E-06,+4.3718592710793E+00,+3.4472361654043E+00,+141.7085626657E-03,+4.0904522389174E+00,+281.2500000000E-03
+129.1301125E-06,+4.3718592710793E+00,+3.4617085269790E+00,+120.2010251879E-03,+4.0904522389174E+00,+281.2500000000E-03
+129.1304250E-06,+4.3718592710793E+00,+3.4874371699989E+00,+110.5527840555E-03,+4.0904522389174E+00,+281.2500000000E-03
+129.1307375E-06,+4.3718592710793E+00,+3.4874371699989E+00,+110.5527840555E-03,+4.0904522389174E+00,+281.2500000000E-03
+129.1310500E-06,+4.3718592710793E+00,+3.4874371699989E+00,+125.0251456295E-03,+4.0904522389174E+00,+281.2500000000E-03
+129.1313625E-06,+4.3718592710793E+00,+3.4874371699989E+00,+142.6130852648E-03,+4.0904522389174E+00,+281.2500000000E-03
+129.1316750E-06,+4.3628140450959E+00,+3.4874371699989E+00,+121.8090653772E-03,+4.0904522389174E+00,+272.1093750509E-03
+129.1319875E-06,+4.3413065076177E+00,+3.4874371699989E+00,+110.5527840555E-03,+4.1049246004906E+00,+235.4687501138E-03
+129.1323000E-06,+4.3316582664847E+00,+3.4874371699989E+00,+110.5527840555E-03,+4.1243215853237E+00,+205.5468749646E-03
+129.1326125E-06,+4.3316582664847E+00,+3.4874371699989E+00,+96.0804224827E-03,+4.1049246006171E+00,+225.2343749526E-03
+129.1329250E-06,+4.3316582664847E+00,+3.4874371699989E+00,+70.3517794609E-03,+4.0904522389174E+00,+240.2343750000E-03
+129.1332375E-06,+4.3316582664847E+00,+3.4874371699989E+00,+70.3517794609E-03,+4.0904522389174E+00,+240.2343750000E-03
+129.1335500E-06,+4.3316582664847E+00,+3.4874371699989E+00,+55.8794178888E-03,+4.0976884197034E+00,+233.2031250398E-03
+129.1338625E-06,+4.3316582664847E+00,+3.4874371699989E+00,+30.1507748663E-03,+4.1177889220006E+00,+212.9687500439E-03
+129.1341750E-06,+4.3316582664847E+00,+3.4874371699989E+00,+30.1507748663E-03,+4.1306532435119E+00,+199.2187500000E-03
+129.1344875E-06,+4.3316582664847E+00,+3.5019095315703E+00,+30.1507748663E-03,+4.1451256050833E+00,+185.1562500803E-03
+129.1348000E-06,+4.3316582664847E+00,+3.5276381745935E+00,+30.1507748663E-03,+4.1708542481065E+00,+160.1562500000E-03
+129.1351125E-06,+4.3316582664847E+00,+3.5276381745935E+00,+15.6784132954E-03,+4.1645225899192E+00,+166.4843749636E-03
+129.1354250E-06,+4.3316582664847E+00,+3.5276381745935E+00,-10.0502297282E-03,+4.1451256052129E+00,+185.4687499554E-03
+129.1357375E-06,+4.3316582664847E+00,+3.5131658130230E+00,-10.0502297282E-03,+4.1451256050823E+00,+185.1562500813E-03
+129.1360500E-06,+4.3316582664847E+00,+3.4874371699989E+00,-10.0502297282E-03,+4.1563818865363E+00,+174.2187499185E-03
+129.1363625E-06,+4.3316582664847E+00,+3.4874371699989E+00,-24.5225912982E-03,+4.1378894242969E+00,+192.1875000409E-03
+129.1366750E-06,+4.3316582664847E+00,+3.4874371699989E+00,-50.2512343228E-03,+4.1579899265941E+00,+172.6562500410E-03
+129.1369875E-06,+4.3461306280542E+00,+3.4874371699989E+00,-50.2512343228E-03,+4.1563818865370E+00,+188.9843748315E-03
+129.1373000E-06,+4.3718592710793E+00,+3.4874371699989E+00,-50.2512343228E-03,+4.1306532435119E+00,+240.2343750000E-03
+129.1376125E-06,+4.3655276128929E+00,+3.4874371699989E+00,-35.7788727538E-03,+4.1161808819429E+00,+248.6718749504E-03
+129.1379250E-06,+4.3461306281868E+00,+3.4874371699989E+00,-10.0502297282E-03,+4.0904522389174E+00,+255.2343750497E-03
+129.1382375E-06,+4.3316582664847E+00,+3.4874371699989E+00,+4.4221318403E-03,+4.0904522389174E+00,+240.2343750000E-03
+129.1385500E-06,+4.3316582664847E+00,+3.4874371699989E+00,+22.9145940822E-03,+4.1049246004856E+00,+225.4687500875E-03
+129.1388625E-06,+4.3388944472688E+00,+3.4874371699989E+00,+2.8140917850E-03,+4.1161808819439E+00,+221.0156248705E-03
+129.1391750E-06,+4.3589949495659E+00,+3.4874371699989E+00,+4.4221318396E-03,+4.0904522389174E+00,+267.4999999539E-03
+129.1394875E-06,+4.3573869095117E+00,+3.4811055118131E+00,+30.1507748663E-03,+4.0904522389174E+00,+266.4843750882E-03
+129.1398000E-06,+4.3316582664847E+00,+3.4617085271071E+00,+30.1507748663E-03,+4.0904522389174E+00,+240.2343750000E-03
+129.1401125E-06,+4.3316582664847E+00,+3.4472361654043E+00,+30.1507748663E-03,+4.0904522389174E+00,+240.2343750000E-03
+129.1404250E-06,+4.3379899246702E+00,+3.4472361654043E+00,+30.1507748663E-03,+4.0904522389174E+00,+246.5624999619E-03
+129.1407375E-06,+4.3573869093761E+00,+3.4472361654043E+00,+30.1507748663E-03,+4.0904522389174E+00,+266.2499999490E-03
+129.1410500E-06,+4.3718592710793E+00,+3.4472361654043E+00,+44.6231364327E-03,+4.0904522389174E+00,+281.2500000000E-03
+129.1413625E-06,+4.3718592710793E+00,+3.4617085269705E+00,+70.3517794609E-03,+4.0904522389174E+00,+281.2500000000E-03
+129.1416750E-06,+4.3718592710793E+00,+3.4729648084330E+00,+70.3517794609E-03,+4.0904522389174E+00,+281.2500000000E-03
+129.1419875E-06,+4.3718592710793E+00,+3.4617085269700E+00,+70.3517794609E-03,+4.0904522389174E+00,+281.2500000000E-03
+129.1423000E-06,+4.3573869095139E+00,+3.4874371699989E+00,+84.8241410263E-03,+4.0904522389174E+00,+266.4843750904E-03
+129.1426125E-06,+4.3461306280499E+00,+3.4874371699989E+00,+110.5527840555E-03,+4.0904522389174E+00,+254.9999999093E-03
+129.1429250E-06,+4.3718592710793E+00,+3.4874371699989E+00,+110.5527840555E-03,+4.1049246004823E+00,+266.4843750909E-03
+129.1432375E-06,+4.3718592710793E+00,+3.4874371699989E+00,+110.5527840555E-03,+4.1161808819472E+00,+254.9999999088E-03
+129.1435500E-06,+4.3718592710793E+00,+3.4874371699989E+00,+110.5527840555E-03,+4.0904522389174E+00,+281.2500000000E-03
+129.1438625E-06,+4.3718592710793E+00,+3.4874371699989E+00,+110.5527840555E-03,+4.0904522389174E+00,+281.2500000000E-03
+129.1441750E-06,+4.3718592710793E+00,+3.4874371699989E+00,+110.5527840555E-03,+4.0759798773534E+00,+295.3124999125E-03
+129.1444875E-06,+4.3718592710793E+00,+3.4874371699989E+00,+110.5527840555E-03,+4.0502512343228E+00,+320.3125000000E-03
+129.1448000E-06,+4.3718592710793E+00,+3.4874371699989E+00,+125.0251456190E-03,+4.0647235958863E+00,+306.2500000880E-03
+129.1451125E-06,+4.3718592710793E+00,+3.4937688281828E+00,+150.7537886500E-03,+4.0958793745036E+00,+275.6250000353E-03
+129.1454250E-06,+4.3718592710793E+00,+3.5131658128882E+00,+136.2814270870E-03,+4.1145728416172E+00,+256.4843750575E-03
+129.1457375E-06,+4.3718592710793E+00,+3.5276381745935E+00,+110.5527840555E-03,+4.1161808819491E+00,+254.9999999069E-03
+129.1460500E-06,+4.3718592710793E+00,+3.5276381745935E+00,+110.5527840555E-03,+4.0904522389174E+00,+281.2500000000E-03
+129.1463625E-06,+4.3718592710793E+00,+3.5185929486170E+00,+96.0804224932E-03,+4.0976884196985E+00,+273.5156250490E-03
+129.1466750E-06,+4.3718592710793E+00,+3.4970854111361E+00,+84.8241410230E-03,+4.1177889219957E+00,+252.7343750447E-03
+129.1469875E-06,+4.3573869095175E+00,+3.5019095315607E+00,+110.5527840555E-03,+4.1306532435119E+00,+225.4687500941E-03
+129.1473000E-06,+4.3461306280463E+00,+3.5276381745935E+00,+110.5527840555E-03,+4.1306532435119E+00,+213.9843749057E-03
+129.1476125E-06,+4.3655276128962E+00,+3.5276381745935E+00,+110.5527840555E-03,+4.1306532435119E+00,+233.9062500405E-03
+129.1479250E-06,+4.3461306281911E+00,+3.5276381745935E+00,+96.0804224944E-03,+4.1306532435119E+00,+214.2187500542E-03
+129.1482375E-06,+4.3461306280456E+00,+3.5276381745935E+00,+70.3517794609E-03,+4.1306532435119E+00,+213.9843749049E-03
+129.1485500E-06,+4.3573869095187E+00,+3.5421105361541E+00,+70.3517794609E-03,+4.1306532435119E+00,+225.4687500953E-03
+129.1488625E-06,+4.3388944472649E+00,+3.5533668176276E+00,+70.3517794609E-03,+4.1306532435119E+00,+206.9531249500E-03
+129.1491750E-06,+4.3589949495621E+00,+3.5421105361536E+00,+55.8794179007E-03,+4.1306532435119E+00,+227.7343749544E-03
+129.1494875E-06,+4.3718592710793E+00,+3.5678391791880E+00,+30.1507748663E-03,+4.1306532435119E+00,+240.2343750000E-03
+129.1498000E-06,+4.3718592710793E+00,+3.5678391791880E+00,+21.1055488915E-03,+4.1306532435119E+00,+240.2343750000E-03
+129.1501125E-06,+4.3718592710793E+00,+3.5678391791880E+00,-401.9885901E-06,+4.1306532435119E+00,+240.2343750000E-03
+129.1504250E-06,+4.3718592710793E+00,+3.5533668176288E+00,+4.4221318310E-03,+4.1161808819527E+00,+254.9999999032E-03
+129.1507375E-06,+4.3718592710793E+00,+3.5276381745935E+00,+30.1507748663E-03,+4.0904522389174E+00,+281.2500000000E-03
+129.1510500E-06,+4.3573869095206E+00,+3.5276381745935E+00,+30.1507748663E-03,+4.0904522389174E+00,+266.4843750973E-03
+129.1513625E-06,+4.3316582664847E+00,+3.5131658130350E+00,+22.0100714897E-03,+4.1049246004758E+00,+225.4687500975E-03
+129.1516750E-06,+4.3397989698613E+00,+3.4874371699989E+00,+1.2060516002E-03,+4.1161808819537E+00,+222.4218748464E-03
+129.1519875E-06,+4.3606029897508E+00,+3.4874371699989E+00,-10.0502297282E-03,+4.0904522389174E+00,+269.9999999580E-03
+129.1523000E-06,+4.3718592710793E+00,+3.4874371699989E+00,-10.0502297282E-03,+4.0904522389174E+00,+281.2500000000E-03
+129.1526125E-06,+4.3718592710793E+00,+3.4874371699989E+00,-10.0502297282E-03,+4.0904522389174E+00,+281.2500000000E-03
+129.1529250E-06,+4.3573869095220E+00,+3.4874371699989E+00,-10.0502297282E-03,+4.0904522389174E+00,+266.4843750987E-03
+129.1532375E-06,+4.3316582664847E+00,+3.4874371699989E+00,-10.0502297282E-03,+4.0904522389174E+00,+240.2343750000E-03
+129.1535500E-06,+4.3316582664847E+00,+3.4874371699989E+00,+4.4221318286E-03,+4.0904522389174E+00,+240.2343750000E-03
+129.1538625E-06,+4.3316582664847E+00,+3.4874371699989E+00,+30.1507748663E-03,+4.0904522389174E+00,+240.2343750000E-03
+129.1541750E-06,+4.3316582664847E+00,+3.4874371699989E+00,+30.1507748663E-03,+4.1049246004737E+00,+225.4687500997E-03
+129.1544875E-06,+4.3316582664847E+00,+3.4874371699989E+00,+30.1507748663E-03,+4.1161808819558E+00,+213.9843749001E-03
+129.1548000E-06,+4.3316582664847E+00,+3.4729648084430E+00,+30.1507748663E-03,+4.0904522389174E+00,+240.2343750000E-03
+129.1551125E-06,+4.3316582664847E+00,+3.4472361654043E+00,+44.6231364220E-03,+4.0904522389174E+00,+240.2343750000E-03
+129.1554250E-06,+4.3461306280401E+00,+3.4472361654043E+00,+55.8794179055E-03,+4.0904522389174E+00,+254.9999998993E-03
+129.1557375E-06,+4.3718592710793E+00,+3.4617085269595E+00,+30.1507748663E-03,+4.0904522389174E+00,+281.2500000000E-03
+129.1560500E-06,+4.3718592710793E+00,+3.4874371699989E+00,+30.1507748663E-03,+4.0904522389174E+00,+281.2500000000E-03
+129.1563625E-06,+4.3718592710793E+00,+3.4874371699989E+00,+44.6231364210E-03,+4.0904522389174E+00,+281.2500000000E-03
+129.1566750E-06,+4.3718592710793E+00,+3.4874371699989E+00,+84.8241410153E-03,+4.0904522389174E+00,+281.2500000000E-03
+129.1569875E-06,+4.3573869095251E+00,+3.4874371699989E+00,+110.5527840555E-03,+4.0904522389174E+00,+266.4843751019E-03
+129.1573000E-06,+4.3316582664847E+00,+3.4874371699989E+00,+110.5527840555E-03,+4.0904522389174E+00,+240.2343750000E-03
+129.1576125E-06,+4.3316582664847E+00,+3.4874371699989E+00,+110.5527840555E-03,+4.0904522389174E+00,+240.2343750000E-03
+129.1579250E-06,+4.3316582664847E+00,+3.4946733507756E+00,+110.5527840555E-03,+4.0904522389174E+00,+240.2343750000E-03
+129.1582375E-06,+4.3316582664847E+00,+3.5147738530728E+00,+110.5527840555E-03,+4.0904522389174E+00,+240.2343750000E-03
+129.1585500E-06,+4.3461306280377E+00,+3.5276381745935E+00,+103.3166032790E-03,+4.0759798773644E+00,+269.0624997987E-03
+129.1588625E-06,+4.3718592710793E+00,+3.5131658130407E+00,+83.2161009818E-03,+4.0502512343228E+00,+320.3125000000E-03
+129.1591750E-06,+4.3718592710793E+00,+3.4874371699989E+00,+84.8241410134E-03,+4.0583919376961E+00,+312.5781250543E-03
+129.1594875E-06,+4.3573869095270E+00,+3.4928643055810E+00,+110.5527840555E-03,+4.0791959575864E+00,+277.7343751483E-03
+129.1598000E-06,+4.3316582664847E+00,+3.5115577726919E+00,+110.5527840555E-03,+4.1049246004694E+00,+225.4687501041E-03
+129.1601125E-06,+4.3316582664847E+00,+3.5276381745935E+00,+110.5527840555E-03,+4.1306532435119E+00,+199.2187500000E-03
+129.1604250E-06,+4.3316582664847E+00,+3.5276381745935E+00,+110.5527840555E-03,+4.1306532435119E+00,+199.2187500000E-03
+129.1607375E-06,+4.3316582664847E+00,+3.5276381745935E+00,+110.5527840555E-03,+4.1306532435119E+00,+199.2187500000E-03
+129.1610500E-06,+4.3316582664847E+00,+3.5276381745935E+00,+125.0251456066E-03,+4.1306532435119E+00,+199.2187500000E-03
+129.1613625E-06,+4.3316582664847E+00,+3.5421105361443E+00,+142.6130852777E-03,+4.1161808819611E+00,+213.9843748947E-03
+129.1616750E-06,+4.3316582664847E+00,+3.5678391791880E+00,+121.8090653872E-03,+4.0904522389174E+00,+240.2343750000E-03
+129.1619875E-06,+4.3316582664847E+00,+3.5678391791880E+00,+110.5527840555E-03,+4.0904522389174E+00,+240.2343750000E-03
+129.1623000E-06,+4.3316582664847E+00,+3.5741708373662E+00,+96.0804225053E-03,+4.0904522389174E+00,+240.2343750000E-03
+129.1626125E-06,+4.3316582664847E+00,+3.5935678220700E+00,+70.3517794609E-03,+4.0904522389174E+00,+240.2343750000E-03
+129.1629250E-06,+4.3316582664847E+00,+3.6080401837826E+00,+70.3517794609E-03,+4.0904522389174E+00,+240.2343750000E-03
+129.1632375E-06,+4.3316582664847E+00,+3.5935678222332E+00,+70.3517794609E-03,+4.0904522389174E+00,+240.2343750000E-03
+129.1635500E-06,+4.3316582664847E+00,+3.5678391791880E+00,+70.3517794609E-03,+4.0904522389174E+00,+240.2343750000E-03
+129.1638625E-06,+4.3316582664847E+00,+3.5678391791880E+00,+70.3517794609E-03,+4.0904522389174E+00,+240.2343750000E-03
+129.1641750E-06,+4.3316582664847E+00,+3.5678391791880E+00,+62.2110760898E-03,+4.0904522389174E+00,+240.2343750000E-03
+129.1644875E-06,+4.3316582664847E+00,+3.5678391791880E+00,+41.4070561990E-03,+4.0904522389174E+00,+240.2343750000E-03
+129.1648000E-06,+4.3316582664847E+00,+3.5678391791880E+00,+30.1507748663E-03,+4.0759798773691E+00,+254.9999998920E-03
+129.1651125E-06,+4.3461306280327E+00,+3.5678391791880E+00,+30.1507748663E-03,+4.0556783699033E+00,+289.6874999382E-03
+129.1654250E-06,+4.3718592710793E+00,+3.5678391791880E+00,+30.1507748663E-03,+4.0743718370131E+00,+296.2500000620E-03
+129.1657375E-06,+4.3718592710793E+00,+3.5678391791880E+00,+30.1507748663E-03,+4.0904522389174E+00,+281.2500000000E-03
+129.1660500E-06,+4.3718592710793E+00,+3.5678391791880E+00,+30.1507748663E-03,+4.0904522389174E+00,+281.2500000000E-03
+129.1663625E-06,+4.3718592710793E+00,+3.5759798825582E+00,+30.1507748663E-03,+4.0904522389174E+00,+281.2500000000E-03
+129.1666750E-06,+4.3718592710793E+00,+3.5967839024492E+00,+30.1507748663E-03,+4.0904522389174E+00,+281.2500000000E-03
+129.1669875E-06,+4.3718592710793E+00,+3.6080401837826E+00,+30.1507748663E-03,+4.1049246004639E+00,+266.4843751097E-03
+129.1673000E-06,+4.3718592710793E+00,+3.6080401837826E+00,+30.1507748663E-03,+4.1161808819656E+00,+254.9999998901E-03
+129.1676125E-06,+4.3655276129029E+00,+3.5935678222365E+00,+30.1507748663E-03,+4.0904522389174E+00,+274.9218750472E-03
+129.1679250E-06,+4.3461306281997E+00,+3.5678391791880E+00,+30.1507748663E-03,+4.0832160581444E+00,+262.2656250105E-03
+129.1682375E-06,+4.3316582664847E+00,+3.5678391791880E+00,+30.1507748663E-03,+4.0631155558473E+00,+267.4999999420E-03
+129.1685500E-06,+4.3316582664847E+00,+3.5823115407334E+00,+30.1507748663E-03,+4.0647235958681E+00,+266.4843751109E-03
+129.1688625E-06,+4.3388944472573E+00,+3.6080401837826E+00,+30.1507748663E-03,+4.0904522389174E+00,+247.2656249471E-03
+129.1691750E-06,+4.3589949495545E+00,+3.6080401837826E+00,+30.1507748663E-03,+4.0904522389174E+00,+267.4999999417E-03
+129.1694875E-06,+4.3718592710793E+00,+3.6080401837826E+00,+44.6231364110E-03,+4.0904522389174E+00,+281.2500000000E-03
+129.1698000E-06,+4.3718592710793E+00,+3.6080401837826E+00,+70.3517794609E-03,+4.0904522389174E+00,+281.2500000000E-03
+129.1701125E-06,+4.3573869095351E+00,+3.6080401837826E+00,+70.3517794609E-03,+4.0904522389174E+00,+266.4843751121E-03
+129.1704250E-06,+4.3316582664847E+00,+3.6080401837826E+00,+70.3517794609E-03,+4.0904522389174E+00,+240.2343750000E-03
+129.1707375E-06,+4.3316582664847E+00,+3.6080401837826E+00,+70.3517794609E-03,+4.0832160581455E+00,+247.2656249464E-03
+129.1710500E-06,+4.3316582664847E+00,+3.6080401837826E+00,+70.3517794609E-03,+4.0631155558483E+00,+267.4999999409E-03
+129.1713625E-06,+4.3461306280279E+00,+3.6080401837826E+00,+70.3517794609E-03,+4.0502512343228E+00,+295.3124998923E-03
+129.1716750E-06,+4.3718592710793E+00,+3.6080401837826E+00,+70.3517794609E-03,+4.0502512343228E+00,+320.3125000000E-03
+129.1719875E-06,+4.3718592710793E+00,+3.6080401837826E+00,+70.3517794609E-03,+4.0502512343228E+00,+320.3125000000E-03
+129.1723000E-06,+4.3718592710793E+00,+3.6080401837826E+00,+70.3517794609E-03,+4.0502512343228E+00,+320.3125000000E-03
+129.1726125E-06,+4.3573869095371E+00,+3.6080401837826E+00,+84.8241410032E-03,+4.0502512343228E+00,+306.2500001086E-03
+129.1729250E-06,+4.3316582664847E+00,+3.6225125453246E+00,+110.5527840555E-03,+4.0502512343228E+00,+281.2500000000E-03
+129.1732375E-06,+4.3316582664847E+00,+3.6627135499189E+00,+110.5527840555E-03,+4.0502512343228E+00,+281.2500000000E-03
+129.1735500E-06,+4.3316582664847E+00,+3.6884421929717E+00,+110.5527840555E-03,+4.0502512343228E+00,+281.2500000000E-03
+129.1738625E-06,+4.3316582664847E+00,+3.6884421929717E+00,+110.5527840555E-03,+4.0502512343228E+00,+281.2500000000E-03
+129.1741750E-06,+4.3171859049437E+00,+3.6884421929717E+00,+110.5527840555E-03,+4.0647235958638E+00,+251.7187502305E-03
+129.1744875E-06,+4.2914572618902E+00,+3.6739698314309E+00,+110.5527840555E-03,+4.0904522389174E+00,+199.2187500000E-03
+129.1748000E-06,+4.2914572618902E+00,+3.6627135499177E+00,+110.5527840555E-03,+4.0904522389174E+00,+199.2187500000E-03
+129.1751125E-06,+4.2914572618902E+00,+3.6884421929717E+00,+96.0804225151E-03,+4.0841205807435E+00,+205.5468749503E-03
+129.1754250E-06,+4.3059296234303E+00,+3.6884421929717E+00,+70.3517794609E-03,+4.0647235960409E+00,+239.9999998173E-03
+129.1757375E-06,+4.3316582664847E+00,+3.7029145545116E+00,+76.6834376346E-03,+4.0502512343228E+00,+281.2500000000E-03
+129.1760500E-06,+4.3235175631187E+00,+3.7286431975663E+00,+96.0804223371E-03,+4.0502512343228E+00,+272.8125000667E-03
+129.1763625E-06,+4.3027135432268E+00,+3.7286431975663E+00,+110.5527840555E-03,+4.0502512343228E+00,+251.4843750501E-03
+129.1766750E-06,+4.2914572618902E+00,+3.7286431975663E+00,+110.5527840555E-03,+4.0502512343228E+00,+240.2343750000E-03
+129.1769875E-06,+4.2914572618902E+00,+3.7286431975663E+00,+101.5075580937E-03,+4.0502512343228E+00,+240.2343750000E-03
+129.1773000E-06,+4.2914572618902E+00,+3.7286431975663E+00,+80.0000206069E-03,+4.0502512343228E+00,+240.2343750000E-03
+129.1776125E-06,+4.2968843974671E+00,+3.7286431975663E+00,+70.3517794609E-03,+4.0502512343228E+00,+245.8593749551E-03
+129.1779250E-06,+4.3155778645745E+00,+3.7286431975663E+00,+55.8794179227E-03,+4.0502512343228E+00,+264.9999999268E-03
+129.1782375E-06,+4.3316582664847E+00,+3.7286431975663E+00,+30.1507748663E-03,+4.0502512343228E+00,+281.2500000000E-03
+129.1785500E-06,+4.3316582664847E+00,+3.7286431975663E+00,+36.4824330391E-03,+4.0502512343228E+00,+281.2500000000E-03
+129.1788625E-06,+4.3235175631199E+00,+3.7286431975663E+00,+55.8794177413E-03,+4.0502512343228E+00,+272.8125000680E-03
+129.1791750E-06,+4.3027135432278E+00,+3.7431155591035E+00,+70.3517794609E-03,+4.0502512343228E+00,+251.4843750511E-03
+129.1794875E-06,+4.2914572618902E+00,+3.7688442021608E+00,+70.3517794609E-03,+4.0502512343228E+00,+240.2343750000E-03
+129.1798000E-06,+4.2914572618902E+00,+3.7688442021608E+00,+61.3065535004E-03,+4.0502512343228E+00,+240.2343750000E-03
+129.1801125E-06,+4.2914572618902E+00,+3.7688442021608E+00,+39.7990160131E-03,+4.0357788727863E+00,+254.9999998801E-03
+129.1804250E-06,+4.2914572618902E+00,+3.7688442021608E+00,+30.1507748663E-03,+4.0245225912645E+00,+266.4843751201E-03
+129.1807375E-06,+4.2914572618902E+00,+3.7688442021608E+00,+30.1507748663E-03,+4.0430150535548E+00,+247.2656249427E-03
+129.1810500E-06,+4.2914572618902E+00,+3.7688442021608E+00,+30.1507748663E-03,+4.0229145512576E+00,+267.4999999368E-03
+129.1813625E-06,+4.3059296234257E+00,+3.7688442021608E+00,+22.0100715026E-03,+4.0245225912638E+00,+281.2500000000E-03
+129.1816750E-06,+4.3316582664847E+00,+3.7833165636962E+00,+1.2060516102E-03,+4.0357788727875E+00,+295.3124998846E-03
+129.1819875E-06,+4.3316582664847E+00,+3.8090452067554E+00,-10.0502297282E-03,+4.0100502297282E+00,+320.3125000000E-03
+129.1823000E-06,+4.3316582664847E+00,+3.8090452067554E+00,+4.4221318066E-03,+4.0100502297282E+00,+320.3125000000E-03
+129.1826125E-06,+4.3316582664847E+00,+3.8090452067554E+00,+30.1507748663E-03,+4.0100502297282E+00,+320.3125000000E-03
+129.1829250E-06,+4.3316582664847E+00,+3.8090452067554E+00,+30.1507748663E-03,+4.0100502297282E+00,+320.3125000000E-03
+129.1832375E-06,+4.3316582664847E+00,+3.8090452067554E+00,+30.1507748663E-03,+4.0100502297282E+00,+320.3125000000E-03
+129.1835500E-06,+4.3316582664847E+00,+3.8090452067554E+00,+30.1507748663E-03,+4.0100502297282E+00,+320.3125000000E-03
+129.1838625E-06,+4.3316582664847E+00,+3.8090452067554E+00,+30.1507748663E-03,+4.0100502297282E+00,+320.3125000000E-03
+129.1841750E-06,+4.3461306280182E+00,+3.8090452067554E+00,+30.1507748663E-03,+4.0100502297282E+00,+335.0781248769E-03
+129.1844875E-06,+4.3718592710793E+00,+3.8090452067554E+00,+30.1507748663E-03,+4.0100502297282E+00,+361.3281250000E-03
+129.1848000E-06,+4.3718592710793E+00,+3.7945728452225E+00,+30.1507748663E-03,+4.0100502297282E+00,+361.3281250000E-03
+129.1851125E-06,+4.3573869095466E+00,+3.7751758603314E+00,+30.1507748663E-03,+4.0100502297282E+00,+346.5625001238E-03
+129.1854250E-06,+4.3316582664847E+00,+3.7945728450330E+00,+30.1507748663E-03,+4.0100502297282E+00,+320.3125000000E-03
+129.1857375E-06,+4.3316582664847E+00,+3.8090452067554E+00,+36.4824330367E-03,+4.0100502297282E+00,+320.3125000000E-03
+129.1860500E-06,+4.3316582664847E+00,+3.8235175682874E+00,+55.8794177382E-03,+4.0100502297282E+00,+320.3125000000E-03
+129.1863625E-06,+4.3316582664847E+00,+3.8492462113500E+00,+84.8241409927E-03,+4.0100502297282E+00,+320.3125000000E-03
+129.1866750E-06,+4.3171859049532E+00,+3.8492462113500E+00,+110.5527840555E-03,+4.0100502297282E+00,+306.2500001191E-03
+129.1869875E-06,+4.2914572618902E+00,+3.8492462113500E+00,+110.5527840555E-03,+4.0100502297282E+00,+281.2500000000E-03
+129.1873000E-06,+4.2914572618902E+00,+3.8492462113500E+00,+110.5527840555E-03,+4.0100502297282E+00,+281.2500000000E-03
+129.1876125E-06,+4.2914572618902E+00,+3.8492462113500E+00,+110.5527840555E-03,+4.0100502297282E+00,+281.2500000000E-03
+129.1879250E-06,+4.2914572618902E+00,+3.8564823921152E+00,+110.5527840555E-03,+4.0100502297282E+00,+281.2500000000E-03
+129.1882375E-06,+4.2914572618902E+00,+3.8765828944124E+00,+96.0804225252E-03,+4.0100502297282E+00,+281.2500000000E-03
+129.1885500E-06,+4.2914572618902E+00,+3.8894472159445E+00,+76.6834376303E-03,+4.0100502297282E+00,+281.2500000000E-03
+129.1888625E-06,+4.2914572618902E+00,+3.8894472159445E+00,+96.0804223316E-03,+4.0100502297282E+00,+281.2500000000E-03
+129.1891750E-06,+4.2914572618902E+00,+3.8894472159445E+00,+110.5527840555E-03,+4.0100502297282E+00,+281.2500000000E-03
+129.1894875E-06,+4.2769849003608E+00,+3.8894472159445E+00,+110.5527840555E-03,+4.0100502297282E+00,+266.4843751272E-03
+129.1898000E-06,+4.2512562572956E+00,+3.8894472159445E+00,+110.5527840555E-03,+4.0100502297282E+00,+240.2343750000E-03
+129.1901125E-06,+4.2512562572956E+00,+3.8894472159445E+00,+110.5527840555E-03,+4.0245225912571E+00,+225.4687501277E-03
+129.1904250E-06,+4.2575879154644E+00,+3.8894472159445E+00,+110.5527840555E-03,+4.0357788727941E+00,+220.3124998172E-03
+129.1907375E-06,+4.2769849001655E+00,+3.8894472159445E+00,+96.0804225271E-03,+4.0100502297282E+00,+266.2499999268E-03
+129.1910500E-06,+4.2914572618902E+00,+3.8894472159445E+00,+70.3517794609E-03,+4.0100502297282E+00,+281.2500000000E-03
+129.1913625E-06,+4.2914572618902E+00,+3.8894472159445E+00,+70.3517794609E-03,+4.0100502297282E+00,+281.2500000000E-03
+129.1916750E-06,+4.2914572618902E+00,+3.9039195774722E+00,+70.3517794609E-03,+4.0245225912559E+00,+266.4843751289E-03
+129.1919875E-06,+4.2914572618902E+00,+3.9441205820665E+00,+84.8241409884E-03,+4.0502512343228E+00,+240.2343750000E-03
+129.1923000E-06,+4.2914572618902E+00,+3.9698492251337E+00,+110.5527840555E-03,+4.0502512343228E+00,+240.2343750000E-03
+129.1926125E-06,+4.2914572618902E+00,+3.9698492251337E+00,+96.0804225285E-03,+4.0502512343228E+00,+240.2343750000E-03
+129.1929250E-06,+4.2914572618902E+00,+3.9698492251337E+00,+70.3517794609E-03,+4.0502512343228E+00,+240.2343750000E-03
+129.1932375E-06,+4.2914572618902E+00,+3.9698492251337E+00,+70.3517794609E-03,+4.0502512343228E+00,+240.2343750000E-03
+129.1935500E-06,+4.2914572618902E+00,+3.9779899284922E+00,+70.3517794609E-03,+4.0502512343228E+00,+240.2343750000E-03
+129.1938625E-06,+4.2914572618902E+00,+3.9987939483857E+00,+55.8794179349E-03,+4.0502512343228E+00,+240.2343750000E-03
+129.1941750E-06,+4.2914572618902E+00,+4.0100502297282E+00,+30.1507748663E-03,+4.0502512343228E+00,+240.2343750000E-03
+129.1944875E-06,+4.2914572618902E+00,+4.0100502297282E+00,+30.1507748663E-03,+4.0357788727973E+00,+254.9999998689E-03
+129.1948000E-06,+4.2914572618902E+00,+4.0100502297282E+00,+30.1507748663E-03,+4.0100502297282E+00,+281.2500000000E-03
+129.1951125E-06,+4.2914572618902E+00,+4.0100502297282E+00,+30.1507748663E-03,+4.0100502297282E+00,+281.2500000000E-03
+129.1954250E-06,+4.2914572618902E+00,+4.0100502297282E+00,+30.1507748663E-03,+4.0100502297282E+00,+281.2500000000E-03
+129.1957375E-06,+4.2914572618902E+00,+4.0100502297282E+00,+30.1507748663E-03,+4.0100502297282E+00,+281.2500000000E-03
+129.1960500E-06,+4.2914572618902E+00,+4.0100502297282E+00,+30.1507748663E-03,+4.0100502297282E+00,+281.2500000000E-03
+129.1963625E-06,+4.2914572618902E+00,+4.0100502297282E+00,+30.1507748663E-03,+4.0100502297282E+00,+281.2500000000E-03
+129.1966750E-06,+4.2914572618902E+00,+4.0100502297282E+00,+30.1507748663E-03,+4.0100502297282E+00,+281.2500000000E-03
+129.1969875E-06,+4.2914572618902E+00,+4.0100502297282E+00,+30.1507748663E-03,+4.0100502297282E+00,+281.2500000000E-03
+129.1973000E-06,+4.2914572618902E+00,+4.0245225912516E+00,+30.1507748663E-03,+4.0100502297282E+00,+281.2500000000E-03
+129.1976125E-06,+4.2914572618902E+00,+4.0357788727996E+00,+30.1507748663E-03,+4.0100502297282E+00,+281.2500000000E-03
+129.1979250E-06,+4.2914572618902E+00,+4.0100502297282E+00,+30.1507748663E-03,+4.0100502297282E+00,+281.2500000000E-03
+129.1982375E-06,+4.2914572618902E+00,+4.0100502297282E+00,+30.1507748663E-03,+4.0100502297282E+00,+281.2500000000E-03
+129.1985500E-06,+4.2914572618902E+00,+4.0245225912507E+00,+36.4824330324E-03,+4.0100502297282E+00,+281.2500000000E-03
+129.1988625E-06,+4.2986934426513E+00,+4.0502512343228E+00,+55.8794177327E-03,+4.0100502297282E+00,+288.2812499359E-03
+129.1991750E-06,+4.3187939449484E+00,+4.0502512343228E+00,+70.3517794609E-03,+4.0100502297282E+00,+307.8124999358E-03
+129.1994875E-06,+4.3171859049630E+00,+4.0502512343228E+00,+70.3517794609E-03,+4.0100502297282E+00,+306.2500001286E-03
+129.1998000E-06,+4.2914572618902E+00,+4.0502512343228E+00,+70.3517794609E-03,+4.0100502297282E+00,+281.2500000000E-03
+129.2001125E-06,+4.2914572618902E+00,+4.0502512343228E+00,+70.3517794609E-03,+3.9955778682070E+00,+295.3124998710E-03
+129.2004250E-06,+4.2842210811297E+00,+4.0502512343228E+00,+70.3517794609E-03,+3.9698492251337E+00,+313.2812500646E-03
+129.2007375E-06,+4.2641205788325E+00,+4.0574874150832E+00,+55.8794179401E-03,+3.9698492251337E+00,+293.7500000648E-03
+129.2010500E-06,+4.2512562572956E+00,+4.0775879173803E+00,+30.1507748663E-03,+3.9698492251337E+00,+281.2500000000E-03
+129.2013625E-06,+4.2512562572956E+00,+4.0904522389174E+00,+37.3869556265E-03,+3.9698492251337E+00,+281.2500000000E-03
+129.2016750E-06,+4.2512562572956E+00,+4.0904522389174E+00,+57.4874579236E-03,+3.9698492251337E+00,+281.2500000000E-03
+129.2019875E-06,+4.2512562572956E+00,+4.0904522389174E+00,+84.8241409807E-03,+3.9843215866535E+00,+266.4843751370E-03
+129.2023000E-06,+4.2512562572956E+00,+4.0904522389174E+00,+110.5527840555E-03,+4.0100502297282E+00,+240.2343750000E-03
+129.2026125E-06,+4.2657286188149E+00,+4.0904522389174E+00,+110.5527840555E-03,+4.0100502297282E+00,+254.9999998626E-03
+129.2029250E-06,+4.2914572618902E+00,+4.0904522389174E+00,+110.5527840555E-03,+3.9955778682091E+00,+295.3124998689E-03
+129.2032375E-06,+4.2914572618902E+00,+4.0904522389174E+00,+110.5527840555E-03,+3.9698492251337E+00,+320.3125000000E-03
+129.2035500E-06,+4.2914572618902E+00,+4.0904522389174E+00,+96.0804225369E-03,+3.9698492251337E+00,+320.3125000000E-03
+129.2038625E-06,+4.2914572618902E+00,+4.0904522389174E+00,+70.3517794609E-03,+3.9698492251337E+00,+320.3125000000E-03
+129.2041750E-06,+4.2914572618902E+00,+4.0904522389174E+00,+70.3517794609E-03,+3.9843215866518E+00,+306.2500001321E-03
+129.2044875E-06,+4.2914572618902E+00,+4.0904522389174E+00,+70.3517794609E-03,+4.0100502297282E+00,+281.2500000000E-03
+129.2048000E-06,+4.2914572618902E+00,+4.1049246004350E+00,+84.8241409786E-03,+4.0100502297282E+00,+281.2500000000E-03
+129.2051125E-06,+4.2914572618902E+00,+4.1306532435119E+00,+110.5527840555E-03,+4.0100502297282E+00,+281.2500000000E-03
+129.2054250E-06,+4.2914572618902E+00,+4.1306532435119E+00,+110.5527840555E-03,+4.0100502297282E+00,+281.2500000000E-03
+129.2057375E-06,+4.2769849003732E+00,+4.1306532435119E+00,+110.5527840555E-03,+4.0100502297282E+00,+266.4843751399E-03
+129.2060500E-06,+4.2512562572956E+00,+4.1306532435119E+00,+110.5527840555E-03,+4.0100502297282E+00,+240.2343750000E-03
+129.2063625E-06,+4.2512562572956E+00,+4.1306532435119E+00,+96.0804225390E-03,+4.0019095263752E+00,+248.6718749198E-03
+129.2066750E-06,+4.2512562572956E+00,+4.1306532435119E+00,+70.3517794609E-03,+3.9811055064804E+00,+269.9999999397E-03
+129.2069875E-06,+4.2512562572956E+00,+4.1451256050279E+00,+70.3517794609E-03,+3.9698492251337E+00,+281.2500000000E-03
+129.2073000E-06,+4.2512562572956E+00,+4.1708542481065E+00,+70.3517794609E-03,+3.9698492251337E+00,+281.2500000000E-03
+129.2076125E-06,+4.2512562572956E+00,+4.1708542481065E+00,+55.8794179454E-03,+3.9843215866492E+00,+266.4843751413E-03
+129.2079250E-06,+4.2512562572956E+00,+4.1708542481065E+00,+44.6231363816E-03,+4.0100502297282E+00,+240.2343750000E-03
+129.2082375E-06,+4.2512562572956E+00,+4.1708542481065E+00,+70.3517794609E-03,+4.0100502297282E+00,+240.2343750000E-03
+129.2085500E-06,+4.2512562572956E+00,+4.1708542481065E+00,+70.3517794609E-03,+4.0100502297282E+00,+240.2343750000E-03
+129.2088625E-06,+4.2512562572956E+00,+4.1708542481065E+00,+70.3517794609E-03,+3.9955778682137E+00,+254.9999998577E-03
+129.2091750E-06,+4.2512562572956E+00,+4.1708542481065E+00,+70.3517794609E-03,+3.9698492251337E+00,+281.2500000000E-03
+129.2094875E-06,+4.2657286188097E+00,+4.1762813836743E+00,+55.8794179468E-03,+3.9698492251337E+00,+295.3124998640E-03
+129.2098000E-06,+4.2914572618902E+00,+4.1949748507756E+00,+30.1507748663E-03,+3.9698492251337E+00,+320.3125000000E-03
+129.2101125E-06,+4.2914572618902E+00,+4.1965828911874E+00,+30.1507748663E-03,+3.9698492251337E+00,+320.3125000000E-03
+129.2104250E-06,+4.2842210811335E+00,+4.1708542481065E+00,+30.1507748663E-03,+3.9698492251337E+00,+313.2812500683E-03
+129.2107375E-06,+4.2641205788363E+00,+4.1708542481065E+00,+30.1507748663E-03,+3.9698492251337E+00,+293.7500000685E-03
+129.2110500E-06,+4.2512562572956E+00,+4.1708542481065E+00,+30.1507748663E-03,+3.9698492251337E+00,+281.2500000000E-03
+129.2113625E-06,+4.2512562572956E+00,+4.1853266096191E+00,+30.1507748663E-03,+3.9698492251337E+00,+281.2500000000E-03
+129.2116750E-06,+4.2593969606463E+00,+4.2110552527010E+00,+30.1507748663E-03,+3.9843215866461E+00,+274.9218750619E-03
+129.2119875E-06,+4.2802009805416E+00,+4.2110552527010E+00,+30.1507748663E-03,+4.0100502297282E+00,+269.9999999380E-03
+129.2123000E-06,+4.2914572618902E+00,+4.2110552527010E+00,+30.1507748663E-03,+4.0100502297282E+00,+281.2500000000E-03
+129.2126125E-06,+4.2914572618902E+00,+4.2110552527010E+00,+30.1507748663E-03,+4.0100502297282E+00,+281.2500000000E-03
+129.2129250E-06,+4.2914572618902E+00,+4.2110552527010E+00,+30.1507748663E-03,+3.9955778682168E+00,+295.3124998614E-03
+129.2132375E-06,+4.2914572618902E+00,+4.2110552527010E+00,+30.1507748663E-03,+3.9843215866449E+00,+306.2500001388E-03
+129.2135500E-06,+4.2914572618902E+00,+4.2110552527010E+00,+30.1507748663E-03,+4.0100502297282E+00,+281.2500000000E-03
+129.2138625E-06,+4.2914572618902E+00,+4.2110552527010E+00,+30.1507748663E-03,+4.0100502297282E+00,+281.2500000000E-03
+129.2141750E-06,+4.2914572618902E+00,+4.2110552527010E+00,+30.1507748663E-03,+3.9955778682177E+00,+295.3124998605E-03
+129.2144875E-06,+4.2914572618902E+00,+4.2110552527010E+00,+30.1507748663E-03,+3.9698492251337E+00,+320.3125000000E-03
+129.2148000E-06,+4.2914572618902E+00,+4.2110552527010E+00,+44.6231363764E-03,+3.9698492251337E+00,+320.3125000000E-03
+129.2151125E-06,+4.2769849003804E+00,+4.2110552527010E+00,+70.3517794609E-03,+3.9698492251337E+00,+306.2500001402E-03
+129.2154250E-06,+4.2657286188052E+00,+4.2110552527010E+00,+70.3517794609E-03,+3.9698492251337E+00,+295.3124998596E-03
+129.2157375E-06,+4.2769849003809E+00,+4.2110552527010E+00,+70.3517794609E-03,+3.9553768636244E+00,+320.3125000000E-03
+129.2160500E-06,+4.2584924380501E+00,+4.2110552527010E+00,+70.3517794609E-03,+3.9296482205391E+00,+327.3437499296E-03
+129.2163625E-06,+4.2785929403473E+00,+4.2110552527010E+00,+55.8794179521E-03,+3.9296482205391E+00,+347.5781249224E-03
+129.2166750E-06,+4.2914572618902E+00,+4.2110552527010E+00,+44.6231363749E-03,+3.9296482205391E+00,+361.3281250000E-03
+129.2169875E-06,+4.2914572618902E+00,+4.2255276142094E+00,+70.3517794609E-03,+3.9296482205391E+00,+361.3281250000E-03
+129.2173000E-06,+4.2914572618902E+00,+4.2512562572956E+00,+70.3517794609E-03,+3.9441205820472E+00,+346.5625001489E-03
+129.2176125E-06,+4.2851256037305E+00,+4.2512562572956E+00,+70.3517794609E-03,+3.9698492251337E+00,+313.9843750639E-03
+129.2179250E-06,+4.2657286190320E+00,+4.2584924380494E+00,+70.3517794609E-03,+3.9761808832933E+00,+288.6718751423E-03
+129.2182375E-06,+4.2657286188030E+00,+4.2785929403466E+00,+84.8241409683E-03,+3.9955778679917E+00,+269.9999999359E-03
+129.2185500E-06,+4.2769849003830E+00,+4.2769849003830E+00,+110.5527840555E-03,+4.0100502297282E+00,+266.4843751499E-03
+129.2188625E-06,+4.2512562572956E+00,+4.2512562572956E+00,+110.5527840555E-03,+4.0100502297282E+00,+240.2343750000E-03
+129.2191750E-06,+4.2512562572956E+00,+4.2512562572956E+00,+110.5527840555E-03,+4.0010050037866E+00,+249.3749999069E-03
+129.2194875E-06,+4.2512562572956E+00,+4.2512562572956E+00,+110.5527840555E-03,+3.9794974662917E+00,+271.2499999426E-03
+129.2198000E-06,+4.2512562572956E+00,+4.2512562572956E+00,+101.5075581141E-03,+3.9843215866399E+00,+266.4843751508E-03
+129.2201125E-06,+4.2512562572956E+00,+4.2657286188016E+00,+80.0000206191E-03,+4.0100502297282E+00,+240.2343750000E-03
+129.2204250E-06,+4.2512562572956E+00,+4.3059296233959E+00,+70.3517794609E-03,+4.0100502297282E+00,+240.2343750000E-03
+129.2207375E-06,+4.2512562572956E+00,+4.3316582664847E+00,+84.8241409664E-03,+4.0028140489755E+00,+247.2656249278E-03
+129.2210500E-06,+4.2512562572956E+00,+4.3316582664847E+00,+110.5527840555E-03,+3.9827135466783E+00,+267.4999999205E-03
+129.2213625E-06,+4.2512562572956E+00,+4.3171859049797E+00,+110.5527840555E-03,+3.9698492251337E+00,+281.2500000000E-03
+129.2216750E-06,+4.2512562572956E+00,+4.2914572618902E+00,+110.5527840555E-03,+3.9698492251337E+00,+281.2500000000E-03
+129.2219875E-06,+4.2512562572956E+00,+4.2914572618902E+00,+96.0804225509E-03,+3.9843215866382E+00,+266.4843751525E-03
+129.2223000E-06,+4.2657286187999E+00,+4.2914572618902E+00,+70.3517794609E-03,+4.0037185715701E+00,+261.3281247817E-03
+129.2226125E-06,+4.2914572618902E+00,+4.2914572618902E+00,+55.8794179569E-03,+3.9843215868721E+00,+306.5624999198E-03
+129.2229250E-06,+4.2914572618902E+00,+4.2914572618902E+00,+30.1507748663E-03,+3.9698492251337E+00,+320.3125000000E-03
+129.2232375E-06,+4.2914572618902E+00,+4.2914572618902E+00,+30.1507748663E-03,+3.9843215866372E+00,+306.2500001462E-03
+129.2235500E-06,+4.2914572618902E+00,+4.2995979652358E+00,+44.6231363697E-03,+4.0100502297282E+00,+281.2500000000E-03
+129.2238625E-06,+4.2914572618902E+00,+4.3204019851322E+00,+70.3517794609E-03,+4.0100502297282E+00,+281.2500000000E-03
+129.2241750E-06,+4.2914572618902E+00,+4.3316582664847E+00,+70.3517794609E-03,+4.0100502297282E+00,+281.2500000000E-03
+129.2244875E-06,+4.2914572618902E+00,+4.3316582664847E+00,+70.3517794609E-03,+4.0100502297282E+00,+281.2500000000E-03
